Table_ID,Caption,Soup_Index,Rows_Raw,Columns,Accepted,Player,BRef_Register_ID
standard_batting,Register Batting,0,27,Year | Age | AgeDif | Tm | Lg | Lev | Aff | G | PA | AB | R | H | 2B | 3B | HR | RBI | SB | CS | BB | SO | BA | OBP | SLG | OPS | TB | GDP | HBP | SH | SF | IBB,True,Andrew Benintendi,benint000and
standard_batting,Register Batting,0,20,Year | Age | AgeDif | Tm | Lg | Lev | Aff | G | PA | AB | R | H | 2B | 3B | HR | RBI | SB | CS | BB | SO | BA | OBP | SLG | OPS | TB | GDP | HBP | SH | SF | IBB,True,Bobby Witt Jr.,witt--005rob
standard_batting,Register Batting,0,26,Year | Age | AgeDif | Tm | Lg | Lev | Aff | G | PA | AB | R | H | 2B | 3B | HR | RBI | SB | CS | BB | SO | BA | OBP | SLG | OPS | TB | GDP | HBP | SH | SF | IBB,True,Gunnar Henderson,hender000gun
standard_batting,Register Batting,0,24,Year | Age | AgeDif | Tm | Lg | Lev | Aff | G | PA | AB | R | H | 2B | 3B | HR | RBI | SB | CS | BB | SO | BA | OBP | SLG | OPS | TB | GDP | HBP | SH | SF | IBB,True,Jackson Holliday,hollid000jac
standard_batting,Register Batting,0,12,Year | Age | AgeDif | Tm | Lg | Lev | Aff | G | PA | AB | R | H | 2B | 3B | HR | RBI | SB | CS | BB | SO | BA | OBP | SLG | OPS | TB | GDP | HBP | SH | SF | IBB,True,Jesús Made,made--000jes
standard_batting,Register Batting,0,27,Year | Age | AgeDif | Tm | Lg | Lev | Aff | G | PA | AB | R | H | 2B | 3B | HR | RBI | SB | CS | BB | SO | BA | OBP | SLG | OPS | TB | GDP | HBP | SH | SF | IBB,True,Shohei Ohtani,otani-000sho
standard_batting,Register Batting,0,37,Year | Age | AgeDif | Tm | Lg | Lev | Aff | G | PA | AB | R | H | 2B | 3B | HR | RBI | SB | CS | BB | SO | BA | OBP | SLG | OPS | TB | GDP | HBP | SH | SF | IBB,True,Vladimir Guerrero Jr.,guerre002vla
standard_batting,Register Batting,0,18,Year | Age | AgeDif | Tm | Lg | Lev | Aff | G | PA | AB | R | H | 2B | 3B | HR | RBI | SB | CS | BB | SO | BA | OBP | SLG | OPS | TB | GDP | HBP | SH | SF | IBB,True,Wander Franco,franco001wan
standard_batting,Register Batting,0,35,Year | Age | AgeDif | Tm | Lg | Lev | Aff | G | PA | AB | R | H | 2B | 3B | HR | RBI | SB | CS | BB | SO | BA | OBP | SLG | OPS | TB | GDP | HBP | SH | SF | IBB,True,Adley Rutschman,rutsch000adl
standard_batting,Register Batting,0,24,Year | Age | AgeDif | Tm | Lg | Lev | Aff | G | PA | AB | R | H | 2B | 3B | HR | RBI | SB | CS | BB | SO | BA | OBP | SLG | OPS | TB | GDP | HBP | SH | SF | IBB,True,Corbin Carroll,carrol000cor
standard_batting,Register Batting,0,32,Year | Age | AgeDif | Tm | Lg | Lev | Aff | G | PA | AB | R | H | 2B | 3B | HR | RBI | SB | CS | BB | SO | BA | OBP | SLG | OPS | TB | GDP | HBP | SH | SF | IBB,True,Fernando Tatis Jr.,tatis-003fer
standard_batting,Register Batting,0,28,Year | Age | AgeDif | Tm | Lg | Lev | Aff | G | PA | AB | R | H | 2B | 3B | HR | RBI | SB | CS | BB | SO | BA | OBP | SLG | OPS | TB | GDP | HBP | SH | SF | IBB,True,Gavin Lux,lux---000gav
standard_batting,Register Batting,0,30,Year | Age | AgeDif | Tm | Lg | Lev | Aff | G | PA | AB | R | H | 2B | 3B | HR | RBI | SB | CS | BB | SO | BA | OBP | SLG | OPS | TB | GDP | HBP | SH | SF | IBB,True,Jackson Chourio,chouri000jac
standard_batting,Register Batting,0,14,Year | Age | AgeDif | Tm | Lg | Lev | Aff | G | PA | AB | R | H | 2B | 3B | HR | RBI | SB | CS | BB | SO | BA | OBP | SLG | OPS | TB | GDP | HBP | SH | SF | IBB,True,Leo De Vries,devrie000leo
standard_batting,Register Batting,0,24,Year | Age | AgeDif | Tm | Lg | Lev | Aff | G | PA | AB | R | H | 2B | 3B | HR | RBI | SB | CS | BB | SO | BA | OBP | SLG | OPS | TB | GDP | HBP | SH | SF | IBB,True,Roman Anthony,anthon000rom
standard_batting,Register Batting,0,46,Year | Age | AgeDif | Tm | Lg | Lev | Aff | G | PA | AB | R | H | 2B | 3B | HR | RBI | SB | CS | BB | SO | BA | OBP | SLG | OPS | TB | GDP | HBP | SH | SF | IBB,True,Ronald Acuña Jr.,acuna-002ron
standard_batting,Register Batting,0,48,Year | Age | AgeDif | Tm | Lg | Lev | Aff | G | PA | AB | R | H | 2B | 3B | HR | RBI | SB | CS | BB | SO | BA | OBP | SLG | OPS | TB | GDP | HBP | SH | SF | IBB,True,Yoán Moncada,moncad000joh
standard_batting,Register Batting,0,51,Year | Age | AgeDif | Tm | Lg | Lev | Aff | G | PA | AB | R | H | 2B | 3B | HR | RBI | SB | CS | BB | SO | BA | OBP | SLG | OPS | TB | GDP | HBP | SH | SF | IBB,True,Eloy Jiménez,jimene000elo
standard_batting,Register Batting,0,32,Year | Age | AgeDif | Tm | Lg | Lev | Aff | G | PA | AB | R | H | 2B | 3B | HR | RBI | SB | CS | BB | SO | BA | OBP | SLG | OPS | TB | GDP | HBP | SH | SF | IBB,True,Francisco Alvarez,alvare006fra
standard_batting,Register Batting,0,45,Year | Age | AgeDif | Tm | Lg | Lev | Aff | G | PA | AB | R | H | 2B | 3B | HR | RBI | SB | CS | BB | SO | BA | OBP | SLG | OPS | TB | GDP | HBP | SH | SF | IBB,True,Gleyber Torres,torres000gle
standard_batting,Register Batting,0,36,Year | Age | AgeDif | Tm | Lg | Lev | Aff | G | PA | AB | R | H | 2B | 3B | HR | RBI | SB | CS | BB | SO | BA | OBP | SLG | OPS | TB | GDP | HBP | SH | SF | IBB,True,Julio Rodríguez,rodrig010jul
standard_batting,Register Batting,0,45,Year | Age | AgeDif | Tm | Lg | Lev | Aff | G | PA | AB | R | H | 2B | 3B | HR | RBI | SB | CS | BB | SO | BA | OBP | SLG | OPS | TB | GDP | HBP | SH | SF | IBB,True,Luis Robert Jr.,robert001lui
standard_batting,Register Batting,0,28,Year | Age | AgeDif | Tm | Lg | Lev | Aff | G | PA | AB | R | H | 2B | 3B | HR | RBI | SB | CS | BB | SO | BA | OBP | SLG | OPS | TB | GDP | HBP | SH | SF | IBB,True,Spencer Torkelson,torkel000spe
standard_batting,Register Batting,0,21,Year | Age | AgeDif | Tm | Lg | Lev | Aff | G | PA | AB | R | H | 2B | 3B | HR | RBI | SB | CS | BB | SO | BA | OBP | SLG | OPS | TB | GDP | HBP | SH | SF | IBB,True,Walker Jenkins,jenkin001wal
standard_batting,Register Batting,0,33,Year | Age | AgeDif | Tm | Lg | Lev | Aff | G | PA | AB | R | H | 2B | 3B | HR | RBI | SB | CS | BB | SO | BA | OBP | SLG | OPS | TB | GDP | HBP | SH | SF | IBB,True,Dansby Swanson,swanso001dan
standard_batting,Register Batting,0,26,Year | Age | AgeDif | Tm | Lg | Lev | Aff | G | PA | AB | R | H | 2B | 3B | HR | RBI | SB | CS | BB | SO | BA | OBP | SLG | OPS | TB | GDP | HBP | SH | SF | IBB,True,Dylan Crews,crews-000dyl
standard_batting,Register Batting,0,3,Year | Age | AgeDif | Tm | Lg | Lev | Aff | G | PA | AB | R | H | 2B | 3B | HR | RBI | SB | CS | BB | SO | BA | OBP | SLG | OPS | TB | GDP | HBP | SH | SF | IBB,True,Eli Willits,willit000eli
standard_batting,Register Batting,0,30,Year | Age | AgeDif | Tm | Lg | Lev | Aff | G | PA | AB | R | H | 2B | 3B | HR | RBI | SB | CS | BB | SO | BA | OBP | SLG | OPS | TB | GDP | HBP | SH | SF | IBB,True,Jarred Kelenic,keleni000jar
standard_batting,Register Batting,0,23,Year | Age | AgeDif | Tm | Lg | Lev | Aff | G | PA | AB | R | H | 2B | 3B | HR | RBI | SB | CS | BB | SO | BA | OBP | SLG | OPS | TB | GDP | HBP | SH | SF | IBB,True,Jordan Walker,walker000jor
standard_batting,Register Batting,0,32,Year | Age | AgeDif | Tm | Lg | Lev | Aff | G | PA | AB | R | H | 2B | 3B | HR | RBI | SB | CS | BB | SO | BA | OBP | SLG | OPS | TB | GDP | HBP | SH | SF | IBB,True,Junior Caminero,camine000jun
standard_batting,Register Batting,0,52,Year | Age | AgeDif | Tm | Lg | Lev | Aff | G | PA | AB | R | H | 2B | 3B | HR | RBI | SB | CS | BB | SO | BA | OBP | SLG | OPS | TB | GDP | HBP | SH | SF | IBB,True,Victor Robles,robles002vic
standard_batting,Register Batting,0,40,Year | Age | AgeDif | Tm | Lg | Lev | Aff | G | PA | AB | R | H | 2B | 3B | HR | RBI | SB | CS | BB | SO | BA | OBP | SLG | OPS | TB | GDP | HBP | SH | SF | IBB,True,Amed Rosario,rosari000ame
standard_batting,Register Batting,0,24,Year | Age | AgeDif | Tm | Lg | Lev | Aff | G | PA | AB | R | H | 2B | 3B | HR | RBI | SB | CS | BB | SO | BA | OBP | SLG | OPS | TB | GDP | HBP | SH | SF | IBB,True,Anthony Volpe,volpe-000ant
standard_batting,Register Batting,0,24,Year | Age | AgeDif | Tm | Lg | Lev | Aff | G | PA | AB | R | H | 2B | 3B | HR | RBI | SB | CS | BB | SO | BA | OBP | SLG | OPS | TB | GDP | HBP | SH | SF | IBB,True,Evan Carter,carter000eva
standard_batting,Register Batting,0,27,Year | Age | AgeDif | Tm | Lg | Lev | Aff | G | PA | AB | R | H | 2B | 3B | HR | RBI | SB | CS | BB | SO | BA | OBP | SLG | OPS | TB | GDP | HBP | SH | SF | IBB,True,Riley Greene,greene000ril
standard_batting,Register Batting,0,33,Year | Age | AgeDif | Tm | Lg | Lev | Aff | G | PA | AB | R | H | 2B | 3B | HR | RBI | SB | CS | BB | SO | BA | OBP | SLG | OPS | TB | GDP | HBP | SH | SF | IBB,True,Royce Lewis,lewis-002roy
standard_batting,Register Batting,0,24,Year | Age | AgeDif | Tm | Lg | Lev | Aff | G | PA | AB | R | H | 2B | 3B | HR | RBI | SB | CS | BB | SO | BA | OBP | SLG | OPS | TB | GDP | HBP | SH | SF | IBB,True,Colt Emerson,emerso001col
standard_batting,Register Batting,0,32,Year | Age | AgeDif | Tm | Lg | Lev | Aff | G | PA | AB | R | H | 2B | 3B | HR | RBI | SB | CS | BB | SO | BA | OBP | SLG | OPS | TB | GDP | HBP | SH | SF | IBB,True,Jo Adell,adell-000jo-
standard_batting,Register Batting,0,17,Year | Age | AgeDif | Tm | Lg | Lev | Aff | G | PA | AB | R | H | 2B | 3B | HR | RBI | SB | CS | BB | SO | BA | OBP | SLG | OPS | TB | GDP | HBP | SH | SF | IBB,True,Max Clark,clark-005max
standard_batting,Register Batting,0,46,Year | Age | AgeDif | Tm | Lg | Lev | Aff | G | PA | AB | R | H | 2B | 3B | HR | RBI | SB | CS | BB | SO | BA | OBP | SLG | OPS | TB | GDP | HBP | SH | SF | IBB,True,Nick Senzel,senzel000nic
standard_batting,Register Batting,0,25,Year | Age | AgeDif | Tm | Lg | Lev | Aff | G | PA | AB | R | H | 2B | 3B | HR | RBI | SB | CS | BB | SO | BA | OBP | SLG | OPS | TB | GDP | HBP | SH | SF | IBB,True,Wyatt Langford,langfo000wya
standard_batting,Register Batting,0,35,Year | Age | AgeDif | Tm | Lg | Lev | Aff | G | PA | AB | R | H | 2B | 3B | HR | RBI | SB | CS | BB | SO | BA | OBP | SLG | OPS | TB | GDP | HBP | SH | SF | IBB,True,Gabriel Moreno,moreno000gab
standard_batting,Register Batting,0,44,Year | Age | AgeDif | Tm | Lg | Lev | Aff | G | PA | AB | R | H | 2B | 3B | HR | RBI | SB | CS | BB | SO | BA | OBP | SLG | OPS | TB | GDP | HBP | SH | SF | IBB,True,J.P. Crawford,crawfo000jp-
standard_batting,Register Batting,0,24,Year | Age | AgeDif | Tm | Lg | Lev | Aff | G | PA | AB | R | H | 2B | 3B | HR | RBI | SB | CS | BB | SO | BA | OBP | SLG | OPS | TB | GDP | HBP | SH | SF | IBB,True,Kristian Campbell,campbe000kri
standard_batting,Register Batting,0,24,Year | Age | AgeDif | Tm | Lg | Lev | Aff | G | PA | AB | R | H | 2B | 3B | HR | RBI | SB | CS | BB | SO | BA | OBP | SLG | OPS | TB | GDP | HBP | SH | SF | IBB,True,CJ Abrams,abrams000pau
standard_batting,Register Batting,0,17,Year | Age | AgeDif | Tm | Lg | Lev | Aff | G | PA | AB | R | H | 2B | 3B | HR | RBI | SB | CS | BB | SO | BA | OBP | SLG | OPS | TB | GDP | HBP | SH | SF | IBB,True,Ethan Salas,salas-000eth
standard_batting,Register Batting,0,34,Year | Age | AgeDif | Tm | Lg | Lev | Aff | G | PA | AB | R | H | 2B | 3B | HR | RBI | SB | CS | BB | SO | BA | OBP | SLG | OPS | TB | GDP | HBP | SH | SF | IBB,True,Kyle Tucker,tucker001kyl
standard_batting,Register Batting,0,26,Year | Age | AgeDif | Tm | Lg | Lev | Aff | G | PA | AB | R | H | 2B | 3B | HR | RBI | SB | CS | BB | SO | BA | OBP | SLG | OPS | TB | GDP | HBP | SH | SF | IBB,True,Alex Kirilloff,kirill000ale
standard_batting,Register Batting,0,22,Year | Age | AgeDif | Tm | Lg | Lev | Aff | G | PA | AB | R | H | 2B | 3B | HR | RBI | SB | CS | BB | SO | BA | OBP | SLG | OPS | TB | GDP | HBP | SH | SF | IBB,True,Carson Williams,willia017car
standard_batting,Register Batting,0,27,Year | Age | AgeDif | Tm | Lg | Lev | Aff | G | PA | AB | R | H | 2B | 3B | HR | RBI | SB | CS | BB | SO | BA | OBP | SLG | OPS | TB | GDP | HBP | SH | SF | IBB,True,Colson Montgomery,montgo001col
standard_batting,Register Batting,0,15,Year | Age | AgeDif | Tm | Lg | Lev | Aff | G | PA | AB | R | H | 2B | 3B | HR | RBI | SB | CS | BB | SO | BA | OBP | SLG | OPS | TB | GDP | HBP | SH | SF | IBB,True,Josue De Paula,depaul002jos
standard_batting,Register Batting,0,32,Year | Age | AgeDif | Tm | Lg | Lev | Aff | G | PA | AB | R | H | 2B | 3B | HR | RBI | SB | CS | BB | SO | BA | OBP | SLG | OPS | TB | GDP | HBP | SH | SF | IBB,True,Ke'Bryan Hayes,hayes-000keb
standard_batting,Register Batting,0,20,Year | Age | AgeDif | Tm | Lg | Lev | Aff | G | PA | AB | R | H | 2B | 3B | HR | RBI | SB | CS | BB | SO | BA | OBP | SLG | OPS | TB | GDP | HBP | SH | SF | IBB,True,Marcelo Mayer,mayer-000mar
standard_batting,Register Batting,0,42,Year | Age | AgeDif | Tm | Lg | Lev | Aff | G | PA | AB | R | H | 2B | 3B | HR | RBI | SB | CS | BB | SO | BA | OBP | SLG | OPS | TB | GDP | HBP | SH | SF | IBB,True,Austin Meadows,meadow000aus
standard_batting,Register Batting,0,31,Year | Age | AgeDif | Tm | Lg | Lev | Aff | G | PA | AB | R | H | 2B | 3B | HR | RBI | SB | CS | BB | SO | BA | OBP | SLG | OPS | TB | GDP | HBP | SH | SF | IBB,True,Brendan Rodgers,rodger000bre
standard_batting,Register Batting,0,18,Year | Age | AgeDif | Tm | Lg | Lev | Aff | G | PA | AB | R | H | 2B | 3B | HR | RBI | SB | CS | BB | SO | BA | OBP | SLG | OPS | TB | GDP | HBP | SH | SF | IBB,True,Elly De La Cruz,delacr000ell
standard_batting,Register Batting,0,17,Year | Age | AgeDif | Tm | Lg | Lev | Aff | G | PA | AB | R | H | 2B | 3B | HR | RBI | SB | CS | BB | SO | BA | OBP | SLG | OPS | TB | GDP | HBP | SH | SF | IBB,True,Sebastian Walcott,walcot000seb
standard_batting,Register Batting,0,34,Year | Age | AgeDif | Tm | Lg | Lev | Aff | G | PA | AB | R | H | 2B | 3B | HR | RBI | SB | CS | BB | SO | BA | OBP | SLG | OPS | TB | GDP | HBP | SH | SF | IBB,True,Travis Bazzana,bazzan000tra
standard_batting,Register Batting,0,29,Year | Age | AgeDif | Tm | Lg | Lev | Aff | G | PA | AB | R | H | 2B | 3B | HR | RBI | SB | CS | BB | SO | BA | OBP | SLG | OPS | TB | GDP | HBP | SH | SF | IBB,True,Bo Bichette,bichet000bo-
standard_batting,Register Batting,0,7,Year | Age | AgeDif | Tm | Lg | Lev | Aff | G | PA | AB | R | H | 2B | 3B | HR | RBI | SB | CS | BB | SO | BA | OBP | SLG | OPS | TB | GDP | HBP | SH | SF | IBB,True,Francisco Mejía,mejia-003fra
standard_batting,Register Batting,0,16,Year | Age | AgeDif | Tm | Lg | Lev | Aff | G | PA | AB | R | H | 2B | 3B | HR | RBI | SB | CS | BB | SO | BA | OBP | SLG | OPS | TB | GDP | HBP | SH | SF | IBB,True,Franklin Arias,arias-008fra
standard_batting,Register Batting,0,31,Year | Age | AgeDif | Tm | Lg | Lev | Aff | G | PA | AB | R | H | 2B | 3B | HR | RBI | SB | CS | BB | SO | BA | OBP | SLG | OPS | TB | GDP | HBP | SH | SF | IBB,True,Jordan Lawlar,lawlar000jor
standard_batting,Register Batting,0,42,Year | Age | AgeDif | Tm | Lg | Lev | Aff | G | PA | AB | R | H | 2B | 3B | HR | RBI | SB | CS | BB | SO | BA | OBP | SLG | OPS | TB | GDP | HBP | SH | SF | IBB,True,Noelvi Marte,marte-000noe
standard_batting,Register Batting,0,30,Year | Age | AgeDif | Tm | Lg | Lev | Aff | G | PA | AB | R | H | 2B | 3B | HR | RBI | SB | CS | BB | SO | BA | OBP | SLG | OPS | TB | GDP | HBP | SH | SF | IBB,True,Ozzie Albies,albies000ozh
standard_batting,Register Batting,0,42,Year | Age | AgeDif | Tm | Lg | Lev | Aff | G | PA | AB | R | H | 2B | 3B | HR | RBI | SB | CS | BB | SO | BA | OBP | SLG | OPS | TB | GDP | HBP | SH | SF | IBB,True,Cristian Pache,pache-000cri
standard_batting,Register Batting,0,21,Year | Age | AgeDif | Tm | Lg | Lev | Aff | G | PA | AB | R | H | 2B | 3B | HR | RBI | SB | CS | BB | SO | BA | OBP | SLG | OPS | TB | GDP | HBP | SH | SF | IBB,True,Jackson Merrill,merril000jac
standard_batting,Register Batting,0,33,Year | Age | AgeDif | Tm | Lg | Lev | Aff | G | PA | AB | R | H | 2B | 3B | HR | RBI | SB | CS | BB | SO | BA | OBP | SLG | OPS | TB | GDP | HBP | SH | SF | IBB,True,Cody Bellinger,bellin000cod
standard_batting,Register Batting,0,35,Year | Age | AgeDif | Tm | Lg | Lev | Aff | G | PA | AB | R | H | 2B | 3B | HR | RBI | SB | CS | BB | SO | BA | OBP | SLG | OPS | TB | GDP | HBP | SH | SF | IBB,True,Dylan Carlson,carlso000dyl
standard_batting,Register Batting,0,36,Year | Age | AgeDif | Tm | Lg | Lev | Aff | G | PA | AB | R | H | 2B | 3B | HR | RBI | SB | CS | BB | SO | BA | OBP | SLG | OPS | TB | GDP | HBP | SH | SF | IBB,True,Marco Luciano,lucian000mar
standard_batting,Register Batting,0,22,Year | Age | AgeDif | Tm | Lg | Lev | Aff | G | PA | AB | R | H | 2B | 3B | HR | RBI | SB | CS | BB | SO | BA | OBP | SLG | OPS | TB | GDP | HBP | SH | SF | IBB,True,Samuel Basallo,basall000sam
standard_batting,Register Batting,0,33,Year | Age | AgeDif | Tm | Lg | Lev | Aff | G | PA | AB | R | H | 2B | 3B | HR | RBI | SB | CS | BB | SO | BA | OBP | SLG | OPS | TB | GDP | HBP | SH | SF | IBB,True,Andrew Vaughn,vaughn000and
standard_batting,Register Batting,0,27,Year | Age | AgeDif | Tm | Lg | Lev | Aff | G | PA | AB | R | H | 2B | 3B | HR | RBI | SB | CS | BB | SO | BA | OBP | SLG | OPS | TB | GDP | HBP | SH | SF | IBB,True,Coby Mayo,mayo--000cob
standard_batting,Register Batting,0,27,Year | Age | AgeDif | Tm | Lg | Lev | Aff | G | PA | AB | R | H | 2B | 3B | HR | RBI | SB | CS | BB | SO | BA | OBP | SLG | OPS | TB | GDP | HBP | SH | SF | IBB,True,Diego Cartaya,cartay000die
standard_batting,Register Batting,0,21,Year | Age | AgeDif | Tm | Lg | Lev | Aff | G | PA | AB | R | H | 2B | 3B | HR | RBI | SB | CS | BB | SO | BA | OBP | SLG | OPS | TB | GDP | HBP | SH | SF | IBB,True,James Wood,wood--009jam
standard_batting,Register Batting,0,37,Year | Age | AgeDif | Tm | Lg | Lev | Aff | G | PA | AB | R | H | 2B | 3B | HR | RBI | SB | CS | BB | SO | BA | OBP | SLG | OPS | TB | GDP | HBP | SH | SF | IBB,True,Joey Bart,bart--000joe
standard_batting,Register Batting,0,33,Year | Age | AgeDif | Tm | Lg | Lev | Aff | G | PA | AB | R | H | 2B | 3B | HR | RBI | SB | CS | BB | SO | BA | OBP | SLG | OPS | TB | GDP | HBP | SH | SF | IBB,True,Brennen Davis,davis-014bre
standard_batting,Register Batting,0,8,Year | Age | AgeDif | Tm | Lg | Lev | Aff | G | PA | AB | R | H | 2B | 3B | HR | RBI | SB | CS | BB | SO | BA | OBP | SLG | OPS | TB | GDP | HBP | SH | SF | IBB,True,Caleb Bonemer,boneme000cal
standard_batting,Register Batting,0,16,Year | Age | AgeDif | Tm | Lg | Lev | Aff | G | PA | AB | R | H | 2B | 3B | HR | RBI | SB | CS | BB | SO | BA | OBP | SLG | OPS | TB | GDP | HBP | SH | SF | IBB,True,Druw Jones,jones-000dru
standard_batting,Register Batting,0,17,Year | Age | AgeDif | Tm | Lg | Lev | Aff | G | PA | AB | R | H | 2B | 3B | HR | RBI | SB | CS | BB | SO | BA | OBP | SLG | OPS | TB | GDP | HBP | SH | SF | IBB,True,Aidan Miller,miller003aid
standard_batting,Register Batting,0,22,Year | Age | AgeDif | Tm | Lg | Lev | Aff | G | PA | AB | R | H | 2B | 3B | HR | RBI | SB | CS | BB | SO | BA | OBP | SLG | OPS | TB | GDP | HBP | SH | SF | IBB,True,Pete Crow-Armstrong,crow-a000pet
standard_batting,Register Batting,0,34,Year | Age | AgeDif | Tm | Lg | Lev | Aff | G | PA | AB | R | H | 2B | 3B | HR | RBI | SB | CS | BB | SO | BA | OBP | SLG | OPS | TB | GDP | HBP | SH | SF | IBB,True,Taylor Trammell,tramme000tay
standard_batting,Register Batting,0,29,Year | Age | AgeDif | Tm | Lg | Lev | Aff | G | PA | AB | R | H | 2B | 3B | HR | RBI | SB | CS | BB | SO | BA | OBP | SLG | OPS | TB | GDP | HBP | SH | SF | IBB,True,Triston Casas,casas-000tri
standard_batting,Register Batting,0,3,Year | Age | AgeDif | Tm | Lg | Lev | Aff | G | PA | AB | R | H | 2B | 3B | HR | RBI | SB | CS | BB | SO | BA | OBP | SLG | OPS | TB | GDP | HBP | SH | SF | IBB,True,Ethan Holliday,hollid000eth
standard_batting,Register Batting,0,39,Year | Age | AgeDif | Tm | Lg | Lev | Aff | G | PA | AB | R | H | 2B | 3B | HR | RBI | SB | CS | BB | SO | BA | OBP | SLG | OPS | TB | GDP | HBP | SH | SF | IBB,True,Rafael Devers,devers000raf
standard_batting,Register Batting,0,32,Year | Age | AgeDif | Tm | Lg | Lev | Aff | G | PA | AB | R | H | 2B | 3B | HR | RBI | SB | CS | BB | SO | BA | OBP | SLG | OPS | TB | GDP | HBP | SH | SF | IBB,True,Alek Thomas,thomas002ale
standard_batting,Register Batting,0,34,Year | Age | AgeDif | Tm | Lg | Lev | Aff | G | PA | AB | R | H | 2B | 3B | HR | RBI | SB | CS | BB | SO | BA | OBP | SLG | OPS | TB | GDP | HBP | SH | SF | IBB,True,Brooks Lee,lee---000bro
standard_batting,Register Batting,0,26,Year | Age | AgeDif | Tm | Lg | Lev | Aff | G | PA | AB | R | H | 2B | 3B | HR | RBI | SB | CS | BB | SO | BA | OBP | SLG | OPS | TB | GDP | HBP | SH | SF | IBB,True,Bryce Eldridge,eldrid000bry
standard_batting,Register Batting,0,50,Year | Age | AgeDif | Tm | Lg | Lev | Aff | G | PA | AB | R | H | 2B | 3B | HR | RBI | SB | CS | BB | SO | BA | OBP | SLG | OPS | TB | GDP | HBP | SH | SF | IBB,True,Lewis Brinson,brinso000lew
standard_batting,Register Batting,0,30,Year | Age | AgeDif | Tm | Lg | Lev | Aff | G | PA | AB | R | H | 2B | 3B | HR | RBI | SB | CS | BB | SO | BA | OBP | SLG | OPS | TB | GDP | HBP | SH | SF | IBB,True,Colton Cowser,cowser000col
standard_batting,Register Batting,0,10,Year | Age | AgeDif | Tm | Lg | Lev | Aff | G | PA | AB | R | H | 2B | 3B | HR | RBI | SB | CS | BB | SO | BA | OBP | SLG | OPS | TB | GDP | HBP | SH | SF | IBB,True,Luis Peña,pena--010lui
standard_batting,Register Batting,0,27,Year | Age | AgeDif | Tm | Lg | Lev | Aff | G | PA | AB | R | H | 2B | 3B | HR | RBI | SB | CS | BB | SO | BA | OBP | SLG | OPS | TB | GDP | HBP | SH | SF | IBB,True,Matt Shaw,shaw--000mat
standard_batting,Register Batting,0,31,Year | Age | AgeDif | Tm | Lg | Lev | Aff | G | PA | AB | R | H | 2B | 3B | HR | RBI | SB | CS | BB | SO | BA | OBP | SLG | OPS | TB | GDP | HBP | SH | SF | IBB,True,Mickey Moniak,moniak000mic
standard_batting,Register Batting,0,29,Year | Age | AgeDif | Tm | Lg | Lev | Aff | G | PA | AB | R | H | 2B | 3B | HR | RBI | SB | CS | BB | SO | BA | OBP | SLG | OPS | TB | GDP | HBP | SH | SF | IBB,True,JJ Bleday,bleday000jef
standard_batting,Register Batting,0,40,Year | Age | AgeDif | Tm | Lg | Lev | Aff | G | PA | AB | R | H | 2B | 3B | HR | RBI | SB | CS | BB | SO | BA | OBP | SLG | OPS | TB | GDP | HBP | SH | SF | IBB,True,Keston Hiura,hiura-000kes
standard_batting,Register Batting,0,34,Year | Age | AgeDif | Tm | Lg | Lev | Aff | G | PA | AB | R | H | 2B | 3B | HR | RBI | SB | CS | BB | SO | BA | OBP | SLG | OPS | TB | GDP | HBP | SH | SF | IBB,True,Nick Gonzales,gonzal004nic
standard_batting,Register Batting,0,17,Year | Age | AgeDif | Tm | Lg | Lev | Aff | G | PA | AB | R | H | 2B | 3B | HR | RBI | SB | CS | BB | SO | BA | OBP | SLG | OPS | TB | GDP | HBP | SH | SF | IBB,True,Zyhir Hope,hope--000zyh
standard_batting,Register Batting,0,30,Year | Age | AgeDif | Tm | Lg | Lev | Aff | G | PA | AB | R | H | 2B | 3B | HR | RBI | SB | CS | BB | SO | BA | OBP | SLG | OPS | TB | GDP | HBP | SH | SF | IBB,True,Brett Baty,baty--000bre
standard_batting,Register Batting,0,37,Year | Age | AgeDif | Tm | Lg | Lev | Aff | G | PA | AB | R | H | 2B | 3B | HR | RBI | SB | CS | BB | SO | BA | OBP | SLG | OPS | TB | GDP | HBP | SH | SF | IBB,True,Carter Kieboom,kieboo000car
standard_batting,Register Batting,0,19,Year | Age | AgeDif | Tm | Lg | Lev | Aff | G | PA | AB | R | H | 2B | 3B | HR | RBI | SB | CS | BB | SO | BA | OBP | SLG | OPS | TB | GDP | HBP | SH | SF | IBB,True,George Lombard Jr.,lombar002geo
standard_batting,Register Batting,0,32,Year | Age | AgeDif | Tm | Lg | Lev | Aff | G | PA | AB | R | H | 2B | 3B | HR | RBI | SB | CS | BB | SO | BA | OBP | SLG | OPS | TB | GDP | HBP | SH | SF | IBB,True,Jasson Domínguez,doming002jas
standard_batting,Register Batting,0,37,Year | Age | AgeDif | Tm | Lg | Lev | Aff | G | PA | AB | R | H | 2B | 3B | HR | RBI | SB | CS | BB | SO | BA | OBP | SLG | OPS | TB | GDP | HBP | SH | SF | IBB,True,Willy Adames,adames000wil
standard_batting,Register Batting,0,7,Year | Age | AgeDif | Tm | Lg | Lev | Aff | G | PA | AB | R | H | 2B | 3B | HR | RBI | SB | CS | BB | SO | BA | OBP | SLG | OPS | TB | GDP | HBP | SH | SF | IBB,True,Austin Martin,martin005aus
standard_batting,Register Batting,0,51,Year | Age | AgeDif | Tm | Lg | Lev | Aff | G | PA | AB | R | H | 2B | 3B | HR | RBI | SB | CS | BB | SO | BA | OBP | SLG | OPS | TB | GDP | HBP | SH | SF | IBB,True,Bradley Zimmer,zimmer000bra
standard_batting,Register Batting,0,23,Year | Age | AgeDif | Tm | Lg | Lev | Aff | G | PA | AB | R | H | 2B | 3B | HR | RBI | SB | CS | BB | SO | BA | OBP | SLG | OPS | TB | GDP | HBP | SH | SF | IBB,True,Colt Keith,keith-000col
standard_batting,Register Batting,0,22,Year | Age | AgeDif | Tm | Lg | Lev | Aff | G | PA | AB | R | H | 2B | 3B | HR | RBI | SB | CS | BB | SO | BA | OBP | SLG | OPS | TB | GDP | HBP | SH | SF | IBB,True,Jac Caglianone,caglia000jac
standard_batting,Register Batting,0,45,Year | Age | AgeDif | Tm | Lg | Lev | Aff | G | PA | AB | R | H | 2B | 3B | HR | RBI | SB | CS | BB | SO | BA | OBP | SLG | OPS | TB | GDP | HBP | SH | SF | IBB,True,Austin Hays,hays--000aus
standard_batting,Register Batting,0,20,Year | Age | AgeDif | Tm | Lg | Lev | Aff | G | PA | AB | R | H | 2B | 3B | HR | RBI | SB | CS | BB | SO | BA | OBP | SLG | OPS | TB | GDP | HBP | SH | SF | IBB,True,JJ Wetherholt,wether000jj-
standard_batting,Register Batting,0,52,Year | Age | AgeDif | Tm | Lg | Lev | Aff | G | PA | AB | R | H | 2B | 3B | HR | RBI | SB | CS | BB | SO | BA | OBP | SLG | OPS | TB | GDP | HBP | SH | SF | IBB,True,Luis Urías,urias-000lui
standard_batting,Register Batting,0,44,Year | Age | AgeDif | Tm | Lg | Lev | Aff | G | PA | AB | R | H | 2B | 3B | HR | RBI | SB | CS | BB | SO | BA | OBP | SLG | OPS | TB | GDP | HBP | SH | SF | IBB,True,Manuel Margot,margot000man
standard_batting,Register Batting,0,24,Year | Age | AgeDif | Tm | Lg | Lev | Aff | G | PA | AB | R | H | 2B | 3B | HR | RBI | SB | CS | BB | SO | BA | OBP | SLG | OPS | TB | GDP | HBP | SH | SF | IBB,True,Braden Montgomery,montgo002bra
standard_batting,Register Batting,0,44,Year | Age | AgeDif | Tm | Lg | Lev | Aff | G | PA | AB | R | H | 2B | 3B | HR | RBI | SB | CS | BB | SO | BA | OBP | SLG | OPS | TB | GDP | HBP | SH | SF | IBB,True,Clint Frazier,frazie000cli
standard_batting,Register Batting,0,37,Year | Age | AgeDif | Tm | Lg | Lev | Aff | G | PA | AB | R | H | 2B | 3B | HR | RBI | SB | CS | BB | SO | BA | OBP | SLG | OPS | TB | GDP | HBP | SH | SF | IBB,True,Henry Davis,davis-004hen
standard_batting,Register Batting,0,33,Year | Age | AgeDif | Tm | Lg | Lev | Aff | G | PA | AB | R | H | 2B | 3B | HR | RBI | SB | CS | BB | SO | BA | OBP | SLG | OPS | TB | GDP | HBP | SH | SF | IBB,True,Ezequiel Tovar,tovar-000eze
standard_batting,Register Batting,0,20,Year | Age | AgeDif | Tm | Lg | Lev | Aff | G | PA | AB | R | H | 2B | 3B | HR | RBI | SB | CS | BB | SO | BA | OBP | SLG | OPS | TB | GDP | HBP | SH | SF | IBB,True,Kahlil Watson,watson000kah
standard_batting,Register Batting,0,15,Year | Age | AgeDif | Tm | Lg | Lev | Aff | G | PA | AB | R | H | 2B | 3B | HR | RBI | SB | CS | BB | SO | BA | OBP | SLG | OPS | TB | GDP | HBP | SH | SF | IBB,True,Rainiel Rodriguez,rodrig004rai
standard_batting,Register Batting,0,12,Year | Age | AgeDif | Tm | Lg | Lev | Aff | G | PA | AB | R | H | 2B | 3B | HR | RBI | SB | CS | BB | SO | BA | OBP | SLG | OPS | TB | GDP | HBP | SH | SF | IBB,True,Alfredo Duno,duno--000alf
standard_batting,Register Batting,0,32,Year | Age | AgeDif | Tm | Lg | Lev | Aff | G | PA | AB | R | H | 2B | 3B | HR | RBI | SB | CS | BB | SO | BA | OBP | SLG | OPS | TB | GDP | HBP | SH | SF | IBB,True,Drew Waters,waters002dre
standard_batting,Register Batting,0,41,Year | Age | AgeDif | Tm | Lg | Lev | Aff | G | PA | AB | R | H | 2B | 3B | HR | RBI | SB | CS | BB | SO | BA | OBP | SLG | OPS | TB | GDP | HBP | SH | SF | IBB,True,Oneil Cruz,cruz--000one
standard_batting,Register Batting,0,24,Year | Age | AgeDif | Tm | Lg | Lev | Aff | G | PA | AB | R | H | 2B | 3B | HR | RBI | SB | CS | BB | SO | BA | OBP | SLG | OPS | TB | GDP | HBP | SH | SF | IBB,True,Termarr Johnson,johnso008ter
standard_batting,Register Batting,0,9,Year | Age | AgeDif | Tm | Lg | Lev | Aff | G | PA | AB | R | H | 2B | 3B | HR | RBI | SB | CS | BB | SO | BA | OBP | SLG | OPS | TB | GDP | HBP | SH | SF | IBB,True,Josh Bell,bell--004jos
standard_batting,Register Batting,0,28,Year | Age | AgeDif | Tm | Lg | Lev | Aff | G | PA | AB | R | H | 2B | 3B | HR | RBI | SB | CS | BB | SO | BA | OBP | SLG | OPS | TB | GDP | HBP | SH | SF | IBB,True,Zac Veen,veen--001zac
standard_batting,Register Batting,0,23,Year | Age | AgeDif | Tm | Lg | Lev | Aff | G | PA | AB | R | H | 2B | 3B | HR | RBI | SB | CS | BB | SO | BA | OBP | SLG | OPS | TB | GDP | HBP | SH | SF | IBB,True,Adael Amador,amador000ada
standard_batting,Register Batting,0,39,Year | Age | AgeDif | Tm | Lg | Lev | Aff | G | PA | AB | R | H | 2B | 3B | HR | RBI | SB | CS | BB | SO | BA | OBP | SLG | OPS | TB | GDP | HBP | SH | SF | IBB,True,Ian Happ,happ--000ian
standard_batting,Register Batting,0,21,Year | Age | AgeDif | Tm | Lg | Lev | Aff | G | PA | AB | R | H | 2B | 3B | HR | RBI | SB | CS | BB | SO | BA | OBP | SLG | OPS | TB | GDP | HBP | SH | SF | IBB,True,Kevin McGonigle,mcgoni000kev
standard_batting,Register Batting,0,22,Year | Age | AgeDif | Tm | Lg | Lev | Aff | G | PA | AB | R | H | 2B | 3B | HR | RBI | SB | CS | BB | SO | BA | OBP | SLG | OPS | TB | GDP | HBP | SH | SF | IBB,True,Charlie Condon,condon000cha
standard_batting,Register Batting,0,33,Year | Age | AgeDif | Tm | Lg | Lev | Aff | G | PA | AB | R | H | 2B | 3B | HR | RBI | SB | CS | BB | SO | BA | OBP | SLG | OPS | TB | GDP | HBP | SH | SF | IBB,True,Josh Jung,jung--000jos
standard_batting,Register Batting,1,2,Year | Age | AgeDif | Tm | Lg | Lev | Aff | G | PA | AB | R | H | 2B | 3B | HR | RBI | SB | CS | BB | SO | BA | OBP | SLG | OPS | TB | GDP | HBP | SH | SF | IBB,True,Juan Soto,soto--002jua
standard_batting,Register Batting,0,7,Year | Age | AgeDif | Tm | Lg | Lev | Aff | G | PA | AB | R | H | 2B | 3B | HR | RBI | SB | CS | BB | SO | BA | OBP | SLG | OPS | TB | GDP | HBP | SH | SF | IBB,True,Kyle Lewis,lewis-001kyl
standard_batting,Register Batting,0,37,Year | Age | AgeDif | Tm | Lg | Lev | Aff | G | PA | AB | R | H | 2B | 3B | HR | RBI | SB | CS | BB | SO | BA | OBP | SLG | OPS | TB | GDP | HBP | SH | SF | IBB,True,Alec Bohm,bohm--000ale
standard_batting,Register Batting,1,20,Year | Age | AgeDif | Tm | Lg | Lev | Aff | G | PA | AB | R | H | 2B | 3B | HR | RBI | SB | CS | BB | SO | BA | OBP | SLG | OPS | TB | GDP | HBP | SH | SF | IBB,True,Corey Ray,ray---001cor
standard_batting,Register Batting,0,25,Year | Age | AgeDif | Tm | Lg | Lev | Aff | G | PA | AB | R | H | 2B | 3B | HR | RBI | SB | CS | BB | SO | BA | OBP | SLG | OPS | TB | GDP | HBP | SH | SF | IBB,True,Dalton Rushing,rushin000dal
standard_batting,Register Batting,0,18,Year | Age | AgeDif | Tm | Lg | Lev | Aff | G | PA | AB | R | H | 2B | 3B | HR | RBI | SB | CS | BB | SO | BA | OBP | SLG | OPS | TB | GDP | HBP | SH | SF | IBB,True,Lazaro Montes,montes000laz
standard_batting,Register Batting,0,34,Year | Age | AgeDif | Tm | Lg | Lev | Aff | G | PA | AB | R | H | 2B | 3B | HR | RBI | SB | CS | BB | SO | BA | OBP | SLG | OPS | TB | GDP | HBP | SH | SF | IBB,True,Sal Frelick,frelic000sal
standard_batting,Register Batting,0,30,Year | Age | AgeDif | Tm | Lg | Lev | Aff | G | PA | AB | R | H | 2B | 3B | HR | RBI | SB | CS | BB | SO | BA | OBP | SLG | OPS | TB | GDP | HBP | SH | SF | IBB,True,Chase DeLauter,delaut000cha
standard_batting,Register Batting,0,26,Year | Age | AgeDif | Tm | Lg | Lev | Aff | G | PA | AB | R | H | 2B | 3B | HR | RBI | SB | CS | BB | SO | BA | OBP | SLG | OPS | TB | GDP | HBP | SH | SF | IBB,True,Jacob Wilson,wilson021jac
standard_batting,Register Batting,0,3,Year | Age | AgeDif | Tm | Lg | Lev | Aff | G | PA | AB | R | H | 2B | 3B | HR | RBI | SB | CS | BB | SO | BA | OBP | SLG | OPS | TB | GDP | HBP | SH | SF | IBB,True,Josuar Gonzalez,dejesu005jos
standard_batting,Register Batting,0,31,Year | Age | AgeDif | Tm | Lg | Lev | Aff | G | PA | AB | R | H | 2B | 3B | HR | RBI | SB | CS | BB | SO | BA | OBP | SLG | OPS | TB | GDP | HBP | SH | SF | IBB,True,Heston Kjerstad,kjerst000hes
standard_batting,Register Batting,0,2,Year | Age | AgeDif | Tm | Lg | Lev | Aff | G | PA | AB | R | H | 2B | 3B | HR | RBI | SB | CS | BB | SO | BA | OBP | SLG | OPS | TB | GDP | HBP | SH | SF | IBB,True,JoJo Parker,parker000joj
standard_batting,Register Batting,0,27,Year | Age | AgeDif | Tm | Lg | Lev | Aff | G | PA | AB | R | H | 2B | 3B | HR | RBI | SB | CS | BB | SO | BA | OBP | SLG | OPS | TB | GDP | HBP | SH | SF | IBB,True,Kevin Maitan,maitan000kev
standard_batting,Register Batting,0,29,Year | Age | AgeDif | Tm | Lg | Lev | Aff | G | PA | AB | R | H | 2B | 3B | HR | RBI | SB | CS | BB | SO | BA | OBP | SLG | OPS | TB | GDP | HBP | SH | SF | IBB,True,Kyle Teel,teel--000kyl
standard_batting,Register Batting,0,35,Year | Age | AgeDif | Tm | Lg | Lev | Aff | G | PA | AB | R | H | 2B | 3B | HR | RBI | SB | CS | BB | SO | BA | OBP | SLG | OPS | TB | GDP | HBP | SH | SF | IBB,True,Alex Verdugo,verdug000ale
standard_batting,Register Batting,0,41,Year | Age | AgeDif | Tm | Lg | Lev | Aff | G | PA | AB | R | H | 2B | 3B | HR | RBI | SB | CS | BB | SO | BA | OBP | SLG | OPS | TB | GDP | HBP | SH | SF | IBB,True,Curtis Mead,mead--000cur
standard_batting,Register Batting,0,29,Year | Age | AgeDif | Tm | Lg | Lev | Aff | G | PA | AB | R | H | 2B | 3B | HR | RBI | SB | CS | BB | SO | BA | OBP | SLG | OPS | TB | GDP | HBP | SH | SF | IBB,True,Nolan Gorman,gorman000nol
standard_batting,Register Batting,0,21,Year | Age | AgeDif | Tm | Lg | Lev | Aff | G | PA | AB | R | H | 2B | 3B | HR | RBI | SB | CS | BB | SO | BA | OBP | SLG | OPS | TB | GDP | HBP | SH | SF | IBB,True,Ryan Waldschmidt,waldsc000rya
standard_batting,Register Batting,1,21,Year | Age | AgeDif | Tm | Lg | Lev | Aff | G | PA | AB | R | H | 2B | 3B | HR | RBI | SB | CS | BB | SO | BA | OBP | SLG | OPS | TB | GDP | HBP | SH | SF | IBB,True,Sean Murphy,murphy005sea
standard_batting,Register Batting,0,21,Year | Age | AgeDif | Tm | Lg | Lev | Aff | G | PA | AB | R | H | 2B | 3B | HR | RBI | SB | CS | BB | SO | BA | OBP | SLG | OPS | TB | GDP | HBP | SH | SF | IBB,True,A.J. Ewing,ewing-000aj-
standard_batting,Register Batting,0,40,Year | Age | AgeDif | Tm | Lg | Lev | Aff | G | PA | AB | R | H | 2B | 3B | HR | RBI | SB | CS | BB | SO | BA | OBP | SLG | OPS | TB | GDP | HBP | SH | SF | IBB,True,Leody Taveras,tavera000leo
standard_batting,Register Batting,0,42,Year | Age | AgeDif | Tm | Lg | Lev | Aff | G | PA | AB | R | H | 2B | 3B | HR | RBI | SB | CS | BB | SO | BA | OBP | SLG | OPS | TB | GDP | HBP | SH | SF | IBB,True,Randy Arozarena,arroza000ran
standard_batting,Register Batting,0,11,Year | Age | AgeDif | Tm | Lg | Lev | Aff | G | PA | AB | R | H | 2B | 3B | HR | RBI | SB | CS | BB | SO | BA | OBP | SLG | OPS | TB | GDP | HBP | SH | SF | IBB,True,Aiva Arquette,arquet000aiv
standard_batting,Register Batting,0,24,Year | Age | AgeDif | Tm | Lg | Lev | Aff | G | PA | AB | R | H | 2B | 3B | HR | RBI | SB | CS | BB | SO | BA | OBP | SLG | OPS | TB | GDP | HBP | SH | SF | IBB,True,Jeferson Quero,quero-000jef
standard_batting,Register Batting,0,29,Year | Age | AgeDif | Tm | Lg | Lev | Aff | G | PA | AB | R | H | 2B | 3B | HR | RBI | SB | CS | BB | SO | BA | OBP | SLG | OPS | TB | GDP | HBP | SH | SF | IBB,True,Robert Hassell III,hassel002rob
standard_batting,Register Batting,0,45,Year | Age | AgeDif | Tm | Lg | Lev | Aff | G | PA | AB | R | H | 2B | 3B | HR | RBI | SB | CS | BB | SO | BA | OBP | SLG | OPS | TB | GDP | HBP | SH | SF | IBB,True,Scott Kingery,kinger000sco
standard_batting,Register Batting,0,39,Year | Age | AgeDif | Tm | Lg | Lev | Aff | G | PA | AB | R | H | 2B | 3B | HR | RBI | SB | CS | BB | SO | BA | OBP | SLG | OPS | TB | GDP | HBP | SH | SF | IBB,True,Keibert Ruiz,ruiz--000kei
standard_batting,Register Batting,0,30,Year | Age | AgeDif | Tm | Lg | Lev | Aff | G | PA | AB | R | H | 2B | 3B | HR | RBI | SB | CS | BB | SO | BA | OBP | SLG | OPS | TB | GDP | HBP | SH | SF | IBB,True,Kevin Parada,parada000kev
standard_batting,Register Batting,0,32,Year | Age | AgeDif | Tm | Lg | Lev | Aff | G | PA | AB | R | H | 2B | 3B | HR | RBI | SB | CS | BB | SO | BA | OBP | SLG | OPS | TB | GDP | HBP | SH | SF | IBB,True,Nolan Jones,jones-000nol
standard_batting,Register Batting,0,49,Year | Age | AgeDif | Tm | Lg | Lev | Aff | G | PA | AB | R | H | 2B | 3B | HR | RBI | SB | CS | BB | SO | BA | OBP | SLG | OPS | TB | GDP | HBP | SH | SF | IBB,True,Tyler O'Neill,oneill000tyl
standard_batting,Register Batting,1,7,Year | Age | AgeDif | Tm | Lg | Lev | Aff | G | PA | AB | R | H | 2B | 3B | HR | RBI | SB | CS | BB | SO | BA | OBP | SLG | OPS | TB | GDP | HBP | SH | SF | IBB,True,Blake Rutherford,ruther001bla
standard_batting,Register Batting,0,21,Year | Age | AgeDif | Tm | Lg | Lev | Aff | G | PA | AB | R | H | 2B | 3B | HR | RBI | SB | CS | BB | SO | BA | OBP | SLG | OPS | TB | GDP | HBP | SH | SF | IBB,True,Cole Young,young-006col
standard_batting,Register Batting,0,13,Year | Age | AgeDif | Tm | Lg | Lev | Aff | G | PA | AB | R | H | 2B | 3B | HR | RBI | SB | CS | BB | SO | BA | OBP | SLG | OPS | TB | GDP | HBP | SH | SF | IBB,True,Edward Florentino,floren000edw
standard_batting,Register Batting,0,23,Year | Age | AgeDif | Tm | Lg | Lev | Aff | G | PA | AB | R | H | 2B | 3B | HR | RBI | SB | CS | BB | SO | BA | OBP | SLG | OPS | TB | GDP | HBP | SH | SF | IBB,True,Emmanuel Rodriguez,rodrig003emm
standard_batting,Register Batting,1,3,Year | Age | AgeDif | Tm | Lg | Lev | Aff | G | PA | AB | R | H | 2B | 3B | HR | RBI | SB | CS | BB | SO | BA | OBP | SLG | OPS | TB | GDP | HBP | SH | SF | IBB,True,Miguel Vargas,vargas004mig
standard_batting,Register Batting,0,33,Year | Age | AgeDif | Tm | Lg | Lev | Aff | G | PA | AB | R | H | 2B | 3B | HR | RBI | SB | CS | BB | SO | BA | OBP | SLG | OPS | TB | GDP | HBP | SH | SF | IBB,True,Austin Riley,riley-000aus
standard_batting,Register Batting,0,17,Year | Age | AgeDif | Tm | Lg | Lev | Aff | G | PA | AB | R | H | 2B | 3B | HR | RBI | SB | CS | BB | SO | BA | OBP | SLG | OPS | TB | GDP | HBP | SH | SF | IBB,True,Eduardo Quintero,quinte000edu
standard_batting,Register Batting,0,24,Year | Age | AgeDif | Tm | Lg | Lev | Aff | G | PA | AB | R | H | 2B | 3B | HR | RBI | SB | CS | BB | SO | BA | OBP | SLG | OPS | TB | GDP | HBP | SH | SF | IBB,True,Harry Ford,ford--003har
standard_batting,Register Batting,0,21,Year | Age | AgeDif | Tm | Lg | Lev | Aff | G | PA | AB | R | H | 2B | 3B | HR | RBI | SB | CS | BB | SO | BA | OBP | SLG | OPS | TB | GDP | HBP | SH | SF | IBB,True,Nick Kurtz,kurtz-000nic
standard_batting,Register Batting,0,24,Year | Age | AgeDif | Tm | Lg | Lev | Aff | G | PA | AB | R | H | 2B | 3B | HR | RBI | SB | CS | BB | SO | BA | OBP | SLG | OPS | TB | GDP | HBP | SH | SF | IBB,True,Orelvis Martinez,martin001ore
standard_batting,Register Batting,0,43,Year | Age | AgeDif | Tm | Lg | Lev | Aff | G | PA | AB | R | H | 2B | 3B | HR | RBI | SB | CS | BB | SO | BA | OBP | SLG | OPS | TB | GDP | HBP | SH | SF | IBB,True,Carson Kelly,kelly-001car
standard_batting,Register Batting,1,7,Year | Age | AgeDif | Tm | Lg | Lev | Aff | G | PA | AB | R | H | 2B | 3B | HR | RBI | SB | CS | BB | SO | BA | OBP | SLG | OPS | TB | GDP | HBP | SH | SF | IBB,True,Jesús Sánchez,sanche006jes
standard_batting,Register Batting,0,22,Year | Age | AgeDif | Tm | Lg | Lev | Aff | G | PA | AB | R | H | 2B | 3B | HR | RBI | SB | CS | BB | SO | BA | OBP | SLG | OPS | TB | GDP | HBP | SH | SF | IBB,True,Kaelen Culpepper,culpep000kae
standard_batting,Register Batting,0,19,Year | Age | AgeDif | Tm | Lg | Lev | Aff | G | PA | AB | R | H | 2B | 3B | HR | RBI | SB | CS | BB | SO | BA | OBP | SLG | OPS | TB | GDP | HBP | SH | SF | IBB,True,Tyler Soderstrom,soders000tyl
standard_batting,Register Batting,0,33,Year | Age | AgeDif | Tm | Lg | Lev | Aff | G | PA | AB | R | H | 2B | 3B | HR | RBI | SB | CS | BB | SO | BA | OBP | SLG | OPS | TB | GDP | HBP | SH | SF | IBB,True,Nick Madrigal,madrig000nic
standard_batting,Register Batting,0,31,Year | Age | AgeDif | Tm | Lg | Lev | Aff | G | PA | AB | R | H | 2B | 3B | HR | RBI | SB | CS | BB | SO | BA | OBP | SLG | OPS | TB | GDP | HBP | SH | SF | IBB,True,Ryan McMahon,mcmaho000rya
standard_batting,Register Batting,0,40,Year | Age | AgeDif | Tm | Lg | Lev | Aff | G | PA | AB | R | H | 2B | 3B | HR | RBI | SB | CS | BB | SO | BA | OBP | SLG | OPS | TB | GDP | HBP | SH | SF | IBB,True,Hunter Renfroe,renfro002dus
standard_batting,Register Batting,0,17,Year | Age | AgeDif | Tm | Lg | Lev | Aff | G | PA | AB | R | H | 2B | 3B | HR | RBI | SB | CS | BB | SO | BA | OBP | SLG | OPS | TB | GDP | HBP | SH | SF | IBB,True,Mike Sirota,sirota000mic
standard_batting,Register Batting,0,9,Year | Age | AgeDif | Tm | Lg | Lev | Aff | G | PA | AB | R | H | 2B | 3B | HR | RBI | SB | CS | BB | SO | BA | OBP | SLG | OPS | TB | GDP | HBP | SH | SF | IBB,True,Konnor Griffin,griffi000kon
standard_batting,Register Batting,0,31,Year | Age | AgeDif | Tm | Lg | Lev | Aff | G | PA | AB | R | H | 2B | 3B | HR | RBI | SB | CS | BB | SO | BA | OBP | SLG | OPS | TB | GDP | HBP | SH | SF | IBB,True,Kristian Robinson,robins000kri
standard_batting,Register Batting,0,22,Year | Age | AgeDif | Tm | Lg | Lev | Aff | G | PA | AB | R | H | 2B | 3B | HR | RBI | SB | CS | BB | SO | BA | OBP | SLG | OPS | TB | GDP | HBP | SH | SF | IBB,True,Masyn Winn,winn--000mas
standard_batting,Register Batting,0,7,Year | Age | AgeDif | Tm | Lg | Lev | Aff | G | PA | AB | R | H | 2B | 3B | HR | RBI | SB | CS | BB | SO | BA | OBP | SLG | OPS | TB | GDP | HBP | SH | SF | IBB,True,Theo Gillen,gillen000the
standard_batting,Register Batting,0,27,Year | Age | AgeDif | Tm | Lg | Lev | Aff | G | PA | AB | R | H | 2B | 3B | HR | RBI | SB | CS | BB | SO | BA | OBP | SLG | OPS | TB | GDP | HBP | SH | SF | IBB,True,Edwin Arroyo,arroyo001edw
standard_batting,Register Batting,0,48,Year | Age | AgeDif | Tm | Lg | Lev | Aff | G | PA | AB | R | H | 2B | 3B | HR | RBI | SB | CS | BB | SO | BA | OBP | SLG | OPS | TB | GDP | HBP | SH | SF | IBB,True,Estevan Florial,floria000est
standard_batting,Register Batting,0,40,Year | Age | AgeDif | Tm | Lg | Lev | Aff | G | PA | AB | R | H | 2B | 3B | HR | RBI | SB | CS | BB | SO | BA | OBP | SLG | OPS | TB | GDP | HBP | SH | SF | IBB,True,Jeter Downs,downs-000jet
standard_batting,Register Batting,0,24,Year | Age | AgeDif | Tm | Lg | Lev | Aff | G | PA | AB | R | H | 2B | 3B | HR | RBI | SB | CS | BB | SO | BA | OBP | SLG | OPS | TB | GDP | HBP | SH | SF | IBB,True,Joe Mack,mack--004jos
standard_batting,Register Batting,0,35,Year | Age | AgeDif | Tm | Lg | Lev | Aff | G | PA | AB | R | H | 2B | 3B | HR | RBI | SB | CS | BB | SO | BA | OBP | SLG | OPS | TB | GDP | HBP | SH | SF | IBB,True,Luis Campusano,campus002lui
standard_batting,Register Batting,0,33,Year | Age | AgeDif | Tm | Lg | Lev | Aff | G | PA | AB | R | H | 2B | 3B | HR | RBI | SB | CS | BB | SO | BA | OBP | SLG | OPS | TB | GDP | HBP | SH | SF | IBB,True,Yordan Alvarez,alvare000yor
standard_batting,Register Batting,0,33,Year | Age | AgeDif | Tm | Lg | Lev | Aff | G | PA | AB | R | H | 2B | 3B | HR | RBI | SB | CS | BB | SO | BA | OBP | SLG | OPS | TB | GDP | HBP | SH | SF | IBB,True,Bryson Stott,stott-000bry
standard_batting,Register Batting,0,17,Year | Age | AgeDif | Tm | Lg | Lev | Aff | G | PA | AB | R | H | 2B | 3B | HR | RBI | SB | CS | BB | SO | BA | OBP | SLG | OPS | TB | GDP | HBP | SH | SF | IBB,True,Eduardo Tait,tait--000edu
standard_batting,Register Batting,0,23,Year | Age | AgeDif | Tm | Lg | Lev | Aff | G | PA | AB | R | H | 2B | 3B | HR | RBI | SB | CS | BB | SO | BA | OBP | SLG | OPS | TB | GDP | HBP | SH | SF | IBB,True,Jett Williams,willia000jet
standard_batting,Register Batting,0,47,Year | Age | AgeDif | Tm | Lg | Lev | Aff | G | PA | AB | R | H | 2B | 3B | HR | RBI | SB | CS | BB | SO | BA | OBP | SLG | OPS | TB | GDP | HBP | SH | SF | IBB,True,Vidal Bruján,brujan000vid
standard_batting,Register Batting,0,38,Year | Age | AgeDif | Tm | Lg | Lev | Aff | G | PA | AB | R | H | 2B | 3B | HR | RBI | SB | CS | BB | SO | BA | OBP | SLG | OPS | TB | GDP | HBP | SH | SF | IBB,True,Aaron Judge,judge-001aar
standard_batting,Register Batting,0,8,Year | Age | AgeDif | Tm | Lg | Lev | Aff | G | PA | AB | R | H | 2B | 3B | HR | RBI | SB | CS | BB | SO | BA | OBP | SLG | OPS | TB | GDP | HBP | SH | SF | IBB,True,Bryce Rainer,rainer000bry
standard_batting,Register Batting,0,15,Year | Age | AgeDif | Tm | Lg | Lev | Aff | G | PA | AB | R | H | 2B | 3B | HR | RBI | SB | CS | BB | SO | BA | OBP | SLG | OPS | TB | GDP | HBP | SH | SF | IBB,True,Elijah Green,green-002eli
standard_batting,Register Batting,0,28,Year | Age | AgeDif | Tm | Lg | Lev | Aff | G | PA | AB | R | H | 2B | 3B | HR | RBI | SB | CS | BB | SO | BA | OBP | SLG | OPS | TB | GDP | HBP | SH | SF | IBB,True,Jordan Groshans,grosha000jor
standard_batting,Register Batting,0,33,Year | Age | AgeDif | Tm | Lg | Lev | Aff | G | PA | AB | R | H | 2B | 3B | HR | RBI | SB | CS | BB | SO | BA | OBP | SLG | OPS | TB | GDP | HBP | SH | SF | IBB,True,Tyler Black,black-001tyl
standard_batting,Register Batting,0,25,Year | Age | AgeDif | Tm | Lg | Lev | Aff | G | PA | AB | R | H | 2B | 3B | HR | RBI | SB | CS | BB | SO | BA | OBP | SLG | OPS | TB | GDP | HBP | SH | SF | IBB,True,Angel Genao,genao-001ang
standard_batting,Register Batting,0,56,Year | Age | AgeDif | Tm | Lg | Lev | Aff | G | PA | AB | R | H | 2B | 3B | HR | RBI | SB | CS | BB | SO | BA | OBP | SLG | OPS | TB | GDP | HBP | SH | SF | IBB,True,Anthony Alford,alford000ant
standard_batting,Register Batting,0,34,Year | Age | AgeDif | Tm | Lg | Lev | Aff | G | PA | AB | R | H | 2B | 3B | HR | RBI | SB | CS | BB | SO | BA | OBP | SLG | OPS | TB | GDP | HBP | SH | SF | IBB,True,George Valera,valera000geo
standard_batting,Register Batting,0,45,Year | Age | AgeDif | Tm | Lg | Lev | Aff | G | PA | AB | R | H | 2B | 3B | HR | RBI | SB | CS | BB | SO | BA | OBP | SLG | OPS | TB | GDP | HBP | SH | SF | IBB,True,Jorge Mateo,mateo-000jor
standard_batting,Register Batting,0,24,Year | Age | AgeDif | Tm | Lg | Lev | Aff | G | PA | AB | R | H | 2B | 3B | HR | RBI | SB | CS | BB | SO | BA | OBP | SLG | OPS | TB | GDP | HBP | SH | SF | IBB,True,Owen Caissie,caissi000owe
standard_batting,Register Batting,0,16,Year | Age | AgeDif | Tm | Lg | Lev | Aff | G | PA | AB | R | H | 2B | 3B | HR | RBI | SB | CS | BB | SO | BA | OBP | SLG | OPS | TB | GDP | HBP | SH | SF | IBB,True,Blake Mitchell,mitche003bla
standard_batting,Register Batting,0,21,Year | Age | AgeDif | Tm | Lg | Lev | Aff | G | PA | AB | R | H | 2B | 3B | HR | RBI | SB | CS | BB | SO | BA | OBP | SLG | OPS | TB | GDP | HBP | SH | SF | IBB,True,Brady House,house-000bra
standard_batting,Register Batting,0,25,Year | Age | AgeDif | Tm | Lg | Lev | Aff | G | PA | AB | R | H | 2B | 3B | HR | RBI | SB | CS | BB | SO | BA | OBP | SLG | OPS | TB | GDP | HBP | SH | SF | IBB,True,Michael Arroyo,arroyo001mic
standard_batting,Register Batting,0,30,Year | Age | AgeDif | Tm | Lg | Lev | Aff | G | PA | AB | R | H | 2B | 3B | HR | RBI | SB | CS | BB | SO | BA | OBP | SLG | OPS | TB | GDP | HBP | SH | SF | IBB,True,Josh Lowe,lowe--000jos
standard_batting,Register Batting,0,32,Year | Age | AgeDif | Tm | Lg | Lev | Aff | G | PA | AB | R | H | 2B | 3B | HR | RBI | SB | CS | BB | SO | BA | OBP | SLG | OPS | TB | GDP | HBP | SH | SF | IBB,True,Nick Gordon,gordon000nic
standard_batting,Register Batting,0,30,Year | Age | AgeDif | Tm | Lg | Lev | Aff | G | PA | AB | R | H | 2B | 3B | HR | RBI | SB | CS | BB | SO | BA | OBP | SLG | OPS | TB | GDP | HBP | SH | SF | IBB,True,MJ Melendez,melend000mj-
standard_batting,Register Batting,0,31,Year | Age | AgeDif | Tm | Lg | Lev | Aff | G | PA | AB | R | H | 2B | 3B | HR | RBI | SB | CS | BB | SO | BA | OBP | SLG | OPS | TB | GDP | HBP | SH | SF | IBB,True,Michael Busch,busch-002mic
standard_batting,Register Batting,0,38,Year | Age | AgeDif | Tm | Lg | Lev | Aff | G | PA | AB | R | H | 2B | 3B | HR | RBI | SB | CS | BB | SO | BA | OBP | SLG | OPS | TB | GDP | HBP | SH | SF | IBB,True,Nico Hoerner,hoerne000nic
standard_batting,Register Batting,0,39,Year | Age | AgeDif | Tm | Lg | Lev | Aff | G | PA | AB | R | H | 2B | 3B | HR | RBI | SB | CS | BB | SO | BA | OBP | SLG | OPS | TB | GDP | HBP | SH | SF | IBB,True,Pete Alonso,alonso000pet
standard_batting,Register Batting,0,18,Year | Age | AgeDif | Tm | Lg | Lev | Aff | G | PA | AB | R | H | 2B | 3B | HR | RBI | SB | CS | BB | SO | BA | OBP | SLG | OPS | TB | GDP | HBP | SH | SF | IBB,True,Xavier Isaac,isaac-000xav
standard_batting,Register Batting,0,34,Year | Age | AgeDif | Tm | Lg | Lev | Aff | G | PA | AB | R | H | 2B | 3B | HR | RBI | SB | CS | BB | SO | BA | OBP | SLG | OPS | TB | GDP | HBP | SH | SF | IBB,True,Brandon Marsh,marsh-000bra
standard_batting,Register Batting,0,46,Year | Age | AgeDif | Tm | Lg | Lev | Aff | G | PA | AB | R | H | 2B | 3B | HR | RBI | SB | CS | BB | SO | BA | OBP | SLG | OPS | TB | GDP | HBP | SH | SF | IBB,True,Franklin Barreto,barret004fra
standard_batting,Register Batting,0,38,Year | Age | AgeDif | Tm | Lg | Lev | Aff | G | PA | AB | R | H | 2B | 3B | HR | RBI | SB | CS | BB | SO | BA | OBP | SLG | OPS | TB | GDP | HBP | SH | SF | IBB,True,Oswald Peraza,peraza002osw
standard_batting,Register Batting,0,2,Year | Age | AgeDif | Tm | Lg | Lev | Aff | G | PA | AB | R | H | 2B | 3B | HR | RBI | SB | CS | BB | SO | BA | OBP | SLG | OPS | TB | GDP | HBP | SH | SF | IBB,True,Billy Carlson,carlso000bil
standard_batting,Register Batting,0,33,Year | Age | AgeDif | Tm | Lg | Lev | Aff | G | PA | AB | R | H | 2B | 3B | HR | RBI | SB | CS | BB | SO | BA | OBP | SLG | OPS | TB | GDP | HBP | SH | SF | IBB,True,Drew Gilbert,gilber002and
standard_batting,Register Batting,0,35,Year | Age | AgeDif | Tm | Lg | Lev | Aff | G | PA | AB | R | H | 2B | 3B | HR | RBI | SB | CS | BB | SO | BA | OBP | SLG | OPS | TB | GDP | HBP | SH | SF | IBB,True,Jonathan India,india-000joh
standard_batting,Register Batting,0,35,Year | Age | AgeDif | Tm | Lg | Lev | Aff | G | PA | AB | R | H | 2B | 3B | HR | RBI | SB | CS | BB | SO | BA | OBP | SLG | OPS | TB | GDP | HBP | SH | SF | IBB,True,Logan O'Hoppe,ohoppe000log
standard_batting,Register Batting,0,57,Year | Age | AgeDif | Tm | Lg | Lev | Aff | G | PA | AB | R | H | 2B | 3B | HR | RBI | SB | CS | BB | SO | BA | OBP | SLG | OPS | TB | GDP | HBP | SH | SF | IBB,True,Willie Calhoun,calhou003wil
standard_batting,Register Batting,0,34,Year | Age | AgeDif | Tm | Lg | Lev | Aff | G | PA | AB | R | H | 2B | 3B | HR | RBI | SB | CS | BB | SO | BA | OBP | SLG | OPS | TB | GDP | HBP | SH | SF | IBB,True,Endy Rodríguez,rodrig001end
standard_batting,Register Batting,0,24,Year | Age | AgeDif | Tm | Lg | Lev | Aff | G | PA | AB | R | H | 2B | 3B | HR | RBI | SB | CS | BB | SO | BA | OBP | SLG | OPS | TB | GDP | HBP | SH | SF | IBB,True,Nick Yorke,yorke-000nic
standard_batting,Register Batting,0,14,Year | Age | AgeDif | Tm | Lg | Lev | Aff | G | PA | AB | R | H | 2B | 3B | HR | RBI | SB | CS | BB | SO | BA | OBP | SLG | OPS | TB | GDP | HBP | SH | SF | IBB,True,Arjun Nimmala,nimmal000arj
standard_batting,Register Batting,0,26,Year | Age | AgeDif | Tm | Lg | Lev | Aff | G | PA | AB | R | H | 2B | 3B | HR | RBI | SB | CS | BB | SO | BA | OBP | SLG | OPS | TB | GDP | HBP | SH | SF | IBB,True,Evan White,white-002eva
standard_batting,Register Batting,0,7,Year | Age | AgeDif | Tm | Lg | Lev | Aff | G | PA | AB | R | H | 2B | 3B | HR | RBI | SB | CS | BB | SO | BA | OBP | SLG | OPS | TB | GDP | HBP | SH | SF | IBB,True,Cooper Pratt,pratt-000coo
standard_batting,Register Batting,0,10,Year | Age | AgeDif | Tm | Lg | Lev | Aff | G | PA | AB | R | H | 2B | 3B | HR | RBI | SB | CS | BB | SO | BA | OBP | SLG | OPS | TB | GDP | HBP | SH | SF | IBB,True,Emil Morales,morale003emi
standard_batting,Register Batting,0,37,Year | Age | AgeDif | Tm | Lg | Lev | Aff | G | PA | AB | R | H | 2B | 3B | HR | RBI | SB | CS | BB | SO | BA | OBP | SLG | OPS | TB | GDP | HBP | SH | SF | IBB,True,Andrés Giménez,gimene000and
standard_batting,Register Batting,0,2,Year | Age | AgeDif | Tm | Lg | Lev | Aff | G | PA | AB | R | H | 2B | 3B | HR | RBI | SB | CS | BB | SO | BA | OBP | SLG | OPS | TB | GDP | HBP | SH | SF | IBB,True,Luis Hernández,hernan036lui
standard_batting,Register Batting,0,18,Year | Age | AgeDif | Tm | Lg | Lev | Aff | G | PA | AB | R | H | 2B | 3B | HR | RBI | SB | CS | BB | SO | BA | OBP | SLG | OPS | TB | GDP | HBP | SH | SF | IBB,True,Cam Smith,smith-014cam
standard_batting,Register Batting,0,42,Year | Age | AgeDif | Tm | Lg | Lev | Aff | G | PA | AB | R | H | 2B | 3B | HR | RBI | SB | CS | BB | SO | BA | OBP | SLG | OPS | TB | GDP | HBP | SH | SF | IBB,True,Kevin Newman,newman000kev
standard_batting,Register Batting,0,30,Year | Age | AgeDif | Tm | Lg | Lev | Aff | G | PA | AB | R | H | 2B | 3B | HR | RBI | SB | CS | BB | SO | BA | OBP | SLG | OPS | TB | GDP | HBP | SH | SF | IBB,True,Kyle Manzardo,manzar000kyl
standard_batting,Register Batting,0,14,Year | Age | AgeDif | Tm | Lg | Lev | Aff | G | PA | AB | R | H | 2B | 3B | HR | RBI | SB | CS | BB | SO | BA | OBP | SLG | OPS | TB | GDP | HBP | SH | SF | IBB,True,Ralphy Velazquez,velazq000ral
standard_batting,Register Batting,0,25,Year | Age | AgeDif | Tm | Lg | Lev | Aff | G | PA | AB | R | H | 2B | 3B | HR | RBI | SB | CS | BB | SO | BA | OBP | SLG | OPS | TB | GDP | HBP | SH | SF | IBB,True,Shea Langeliers,langel000she
standard_batting,Register Batting,0,29,Year | Age | AgeDif | Tm | Lg | Lev | Aff | G | PA | AB | R | H | 2B | 3B | HR | RBI | SB | CS | BB | SO | BA | OBP | SLG | OPS | TB | GDP | HBP | SH | SF | IBB,True,Jace Jung,jung--002jac
standard_batting,Register Batting,0,23,Year | Age | AgeDif | Tm | Lg | Lev | Aff | G | PA | AB | R | H | 2B | 3B | HR | RBI | SB | CS | BB | SO | BA | OBP | SLG | OPS | TB | GDP | HBP | SH | SF | IBB,True,Jaison Chourio,chouri000jai
standard_batting,Register Batting,0,39,Year | Age | AgeDif | Tm | Lg | Lev | Aff | G | PA | AB | R | H | 2B | 3B | HR | RBI | SB | CS | BB | SO | BA | OBP | SLG | OPS | TB | GDP | HBP | SH | SF | IBB,True,Jazz Chisholm Jr.,chisho000jas
standard_batting,Register Batting,0,26,Year | Age | AgeDif | Tm | Lg | Lev | Aff | G | PA | AB | R | H | 2B | 3B | HR | RBI | SB | CS | BB | SO | BA | OBP | SLG | OPS | TB | GDP | HBP | SH | SF | IBB,True,Jacob Berry,berry-003jac
standard_batting,Register Batting,0,27,Year | Age | AgeDif | Tm | Lg | Lev | Aff | G | PA | AB | R | H | 2B | 3B | HR | RBI | SB | CS | BB | SO | BA | OBP | SLG | OPS | TB | GDP | HBP | SH | SF | IBB,True,Luke Keaschall,keasch000luk
standard_batting,Register Batting,0,27,Year | Age | AgeDif | Tm | Lg | Lev | Aff | G | PA | AB | R | H | 2B | 3B | HR | RBI | SB | CS | BB | SO | BA | OBP | SLG | OPS | TB | GDP | HBP | SH | SF | IBB,True,Gavin Cross,cross-000gav
standard_batting,Register Batting,0,24,Year | Age | AgeDif | Tm | Lg | Lev | Aff | G | PA | AB | R | H | 2B | 3B | HR | RBI | SB | CS | BB | SO | BA | OBP | SLG | OPS | TB | GDP | HBP | SH | SF | IBB,True,Nick Pratto,pratto000nic
standard_batting,Register Batting,0,33,Year | Age | AgeDif | Tm | Lg | Lev | Aff | G | PA | AB | R | H | 2B | 3B | HR | RBI | SB | CS | BB | SO | BA | OBP | SLG | OPS | TB | GDP | HBP | SH | SF | IBB,True,Ronny Mauricio,mauric000ron
standard_batting,Register Batting,0,37,Year | Age | AgeDif | Tm | Lg | Lev | Aff | G | PA | AB | R | H | 2B | 3B | HR | RBI | SB | CS | BB | SO | BA | OBP | SLG | OPS | TB | GDP | HBP | SH | SF | IBB,True,Dominic Smith,smith-000dom
standard_batting,Register Batting,0,31,Year | Age | AgeDif | Tm | Lg | Lev | Aff | G | PA | AB | R | H | 2B | 3B | HR | RBI | SB | CS | BB | SO | BA | OBP | SLG | OPS | TB | GDP | HBP | SH | SF | IBB,True,Drake Baldwin,baldwi000dra
standard_batting,Register Batting,0,39,Year | Age | AgeDif | Tm | Lg | Lev | Aff | G | PA | AB | R | H | 2B | 3B | HR | RBI | SB | CS | BB | SO | BA | OBP | SLG | OPS | TB | GDP | HBP | SH | SF | IBB,True,Heliot Ramos,ramos-000hel
standard_batting,Register Batting,0,32,Year | Age | AgeDif | Tm | Lg | Lev | Aff | G | PA | AB | R | H | 2B | 3B | HR | RBI | SB | CS | BB | SO | BA | OBP | SLG | OPS | TB | GDP | HBP | SH | SF | IBB,True,Joey Ortiz,ortiz-002joe
standard_batting,Register Batting,0,7,Year | Age | AgeDif | Tm | Lg | Lev | Aff | G | PA | AB | R | H | 2B | 3B | HR | RBI | SB | CS | BB | SO | BA | OBP | SLG | OPS | TB | GDP | HBP | SH | SF | IBB,True,Luis Matos,matos-005lui
standard_batting,Register Batting,0,24,Year | Age | AgeDif | Tm | Lg | Lev | Aff | G | PA | AB | R | H | 2B | 3B | HR | RBI | SB | CS | BB | SO | BA | OBP | SLG | OPS | TB | GDP | HBP | SH | SF | IBB,True,Bo Naylor,naylor000noa
standard_batting,Register Batting,0,34,Year | Age | AgeDif | Tm | Lg | Lev | Aff | G | PA | AB | R | H | 2B | 3B | HR | RBI | SB | CS | BB | SO | BA | OBP | SLG | OPS | TB | GDP | HBP | SH | SF | IBB,True,Garrett Mitchell,mitche005gar
standard_batting,Register Batting,0,35,Year | Age | AgeDif | Tm | Lg | Lev | Aff | G | PA | AB | R | H | 2B | 3B | HR | RBI | SB | CS | BB | SO | BA | OBP | SLG | OPS | TB | GDP | HBP | SH | SF | IBB,True,Jake Bauers,bauers000jak
standard_batting,Register Batting,0,10,Year | Age | AgeDif | Tm | Lg | Lev | Aff | G | PA | AB | R | H | 2B | 3B | HR | RBI | SB | CS | BB | SO | BA | OBP | SLG | OPS | TB | GDP | HBP | SH | SF | IBB,True,Jhonny Level,level-000jho
standard_batting,Register Batting,0,20,Year | Age | AgeDif | Tm | Lg | Lev | Aff | G | PA | AB | R | H | 2B | 3B | HR | RBI | SB | CS | BB | SO | BA | OBP | SLG | OPS | TB | GDP | HBP | SH | SF | IBB,True,Justin Crawford,crawfo000jus
standard_batting,Register Batting,0,49,Year | Age | AgeDif | Tm | Lg | Lev | Aff | G | PA | AB | R | H | 2B | 3B | HR | RBI | SB | CS | BB | SO | BA | OBP | SLG | OPS | TB | GDP | HBP | SH | SF | IBB,True,Yusniel Díaz,efrain000yun
standard_batting,Register Batting,0,43,Year | Age | AgeDif | Tm | Lg | Lev | Aff | G | PA | AB | R | H | 2B | 3B | HR | RBI | SB | CS | BB | SO | BA | OBP | SLG | OPS | TB | GDP | HBP | SH | SF | IBB,True,Danny Jansen,jansen000dan
standard_batting,Register Batting,0,53,Year | Age | AgeDif | Tm | Lg | Lev | Aff | G | PA | AB | R | H | 2B | 3B | HR | RBI | SB | CS | BB | SO | BA | OBP | SLG | OPS | TB | GDP | HBP | SH | SF | IBB,True,Isan Díaz,diaz--000isa
standard_batting,Register Batting,0,31,Year | Age | AgeDif | Tm | Lg | Lev | Aff | G | PA | AB | R | H | 2B | 3B | HR | RBI | SB | CS | BB | SO | BA | OBP | SLG | OPS | TB | GDP | HBP | SH | SF | IBB,True,Kevin Alcántara,alcant000kev
standard_batting,Register Batting,0,22,Year | Age | AgeDif | Tm | Lg | Lev | Aff | G | PA | AB | R | H | 2B | 3B | HR | RBI | SB | CS | BB | SO | BA | OBP | SLG | OPS | TB | GDP | HBP | SH | SF | IBB,True,Michael Harris II,harris010mic
standard_batting,Register Batting,0,48,Year | Age | AgeDif | Tm | Lg | Lev | Aff | G | PA | AB | R | H | 2B | 3B | HR | RBI | SB | CS | BB | SO | BA | OBP | SLG | OPS | TB | GDP | HBP | SH | SF | IBB,True,Miguel Andujar,anduja000mig
standard_batting,Register Batting,0,2,Year | Age | AgeDif | Tm | Lg | Lev | Aff | G | PA | AB | R | H | 2B | 3B | HR | RBI | SB | CS | BB | SO | BA | OBP | SLG | OPS | TB | GDP | HBP | SH | SF | IBB,True,Steele Hall,hall--001ste
standard_batting,Register Batting,0,21,Year | Age | AgeDif | Tm | Lg | Lev | Aff | G | PA | AB | R | H | 2B | 3B | HR | RBI | SB | CS | BB | SO | BA | OBP | SLG | OPS | TB | GDP | HBP | SH | SF | IBB,True,Edgar Quero,quero-000edg
standard_batting,Register Batting,0,28,Year | Age | AgeDif | Tm | Lg | Lev | Aff | G | PA | AB | R | H | 2B | 3B | HR | RBI | SB | CS | BB | SO | BA | OBP | SLG | OPS | TB | GDP | HBP | SH | SF | IBB,True,Luisangel Acuña,acuna-003jos
standard_batting,Register Batting,0,25,Year | Age | AgeDif | Tm | Lg | Lev | Aff | G | PA | AB | R | H | 2B | 3B | HR | RBI | SB | CS | BB | SO | BA | OBP | SLG | OPS | TB | GDP | HBP | SH | SF | IBB,True,Brayden Taylor,taylor010bra
standard_batting,Register Batting,0,41,Year | Age | AgeDif | Tm | Lg | Lev | Aff | G | PA | AB | R | H | 2B | 3B | HR | RBI | SB | CS | BB | SO | BA | OBP | SLG | OPS | TB | GDP | HBP | SH | SF | IBB,True,Jesse Winker,winker001jes
standard_batting,Register Batting,0,20,Year | Age | AgeDif | Tm | Lg | Lev | Aff | G | PA | AB | R | H | 2B | 3B | HR | RBI | SB | CS | BB | SO | BA | OBP | SLG | OPS | TB | GDP | HBP | SH | SF | IBB,True,Josue Briceño,bricen003jos
standard_batting,Register Batting,0,25,Year | Age | AgeDif | Tm | Lg | Lev | Aff | G | PA | AB | R | H | 2B | 3B | HR | RBI | SB | CS | BB | SO | BA | OBP | SLG | OPS | TB | GDP | HBP | SH | SF | IBB,True,Andy Pages,pages-001and
standard_batting,Register Batting,0,22,Year | Age | AgeDif | Tm | Lg | Lev | Aff | G | PA | AB | R | H | 2B | 3B | HR | RBI | SB | CS | BB | SO | BA | OBP | SLG | OPS | TB | GDP | HBP | SH | SF | IBB,True,Christian Moore,moore-008chr
standard_batting,Register Batting,0,19,Year | Age | AgeDif | Tm | Lg | Lev | Aff | G | PA | AB | R | H | 2B | 3B | HR | RBI | SB | CS | BB | SO | BA | OBP | SLG | OPS | TB | GDP | HBP | SH | SF | IBB,True,Joshua Báez,baez--007jos
standard_batting,Register Batting,0,20,Year | Age | AgeDif | Tm | Lg | Lev | Aff | G | PA | AB | R | H | 2B | 3B | HR | RBI | SB | CS | BB | SO | BA | OBP | SLG | OPS | TB | GDP | HBP | SH | SF | IBB,True,Cam Collier,collie001cam
standard_batting,Register Batting,0,26,Year | Age | AgeDif | Tm | Lg | Lev | Aff | G | PA | AB | R | H | 2B | 3B | HR | RBI | SB | CS | BB | SO | BA | OBP | SLG | OPS | TB | GDP | HBP | SH | SF | IBB,True,Moisés Ballesteros,balles000moi
standard_batting,Register Batting,0,10,Year | Age | AgeDif | Tm | Lg | Lev | Aff | G | PA | AB | R | H | 2B | 3B | HR | RBI | SB | CS | BB | SO | BA | OBP | SLG | OPS | TB | GDP | HBP | SH | SF | IBB,True,Nate George,george004nat
standard_batting,Register Batting,0,2,Year | Age | AgeDif | Tm | Lg | Lev | Aff | G | PA | AB | R | H | 2B | 3B | HR | RBI | SB | CS | BB | SO | BA | OBP | SLG | OPS | TB | GDP | HBP | SH | SF | IBB,True,Dax Kilby,kilby-000dax
standard_batting,Register Batting,0,35,Year | Age | AgeDif | Tm | Lg | Lev | Aff | G | PA | AB | R | H | 2B | 3B | HR | RBI | SB | CS | BB | SO | BA | OBP | SLG | OPS | TB | GDP | HBP | SH | SF | IBB,True,Hunter Bishop,bishop000hun
standard_batting,Register Batting,0,36,Year | Age | AgeDif | Tm | Lg | Lev | Aff | G | PA | AB | R | H | 2B | 3B | HR | RBI | SB | CS | BB | SO | BA | OBP | SLG | OPS | TB | GDP | HBP | SH | SF | IBB,True,Monte Harrison,harris000mon
standard_batting,Register Batting,0,31,Year | Age | AgeDif | Tm | Lg | Lev | Aff | G | PA | AB | R | H | 2B | 3B | HR | RBI | SB | CS | BB | SO | BA | OBP | SLG | OPS | TB | GDP | HBP | SH | SF | IBB,True,Ryan Mountcastle,mountc000rya
standard_batting,Register Batting,0,25,Year | Age | AgeDif | Tm | Lg | Lev | Aff | G | PA | AB | R | H | 2B | 3B | HR | RBI | SB | CS | BB | SO | BA | OBP | SLG | OPS | TB | GDP | HBP | SH | SF | IBB,True,Alex Freeland,freela000ale
standard_batting,Register Batting,0,58,Year | Age | AgeDif | Tm | Lg | Lev | Aff | G | PA | AB | R | H | 2B | 3B | HR | RBI | SB | CS | BB | SO | BA | OBP | SLG | OPS | TB | GDP | HBP | SH | SF | IBB,True,Jorge Alfaro,alfaro001jor
standard_batting,Register Batting,0,26,Year | Age | AgeDif | Tm | Lg | Lev | Aff | G | PA | AB | R | H | 2B | 3B | HR | RBI | SB | CS | BB | SO | BA | OBP | SLG | OPS | TB | GDP | HBP | SH | SF | IBB,True,Xavier Edwards,edward000xav
standard_batting,Register Batting,0,24,Year | Age | AgeDif | Tm | Lg | Lev | Aff | G | PA | AB | R | H | 2B | 3B | HR | RBI | SB | CS | BB | SO | BA | OBP | SLG | OPS | TB | GDP | HBP | SH | SF | IBB,True,Yanquiel Fernández,fernan001yan
standard_batting,Register Batting,0,21,Year | Age | AgeDif | Tm | Lg | Lev | Aff | G | PA | AB | R | H | 2B | 3B | HR | RBI | SB | CS | BB | SO | BA | OBP | SLG | OPS | TB | GDP | HBP | SH | SF | IBB,True,Cooper Ingle,ingle-000coo
standard_batting,Register Batting,0,34,Year | Age | AgeDif | Tm | Lg | Lev | Aff | G | PA | AB | R | H | 2B | 3B | HR | RBI | SB | CS | BB | SO | BA | OBP | SLG | OPS | TB | GDP | HBP | SH | SF | IBB,True,Gabriel Arias,arias-002gab
standard_batting,Register Batting,0,25,Year | Age | AgeDif | Tm | Lg | Lev | Aff | G | PA | AB | R | H | 2B | 3B | HR | RBI | SB | CS | BB | SO | BA | OBP | SLG | OPS | TB | GDP | HBP | SH | SF | IBB,True,James Triantos,triant000jam
standard_batting,Register Batting,0,13,Year | Age | AgeDif | Tm | Lg | Lev | Aff | G | PA | AB | R | H | 2B | 3B | HR | RBI | SB | CS | BB | SO | BA | OBP | SLG | OPS | TB | GDP | HBP | SH | SF | IBB,True,Felnin Celesten,celest000fel
standard_batting,Register Batting,0,10,Year | Age | AgeDif | Tm | Lg | Lev | Aff | G | PA | AB | R | H | 2B | 3B | HR | RBI | SB | CS | BB | SO | BA | OBP | SLG | OPS | TB | GDP | HBP | SH | SF | IBB,True,Jonny Farmelo,farmel000jon
standard_batting,Register Batting,0,29,Year | Age | AgeDif | Tm | Lg | Lev | Aff | G | PA | AB | R | H | 2B | 3B | HR | RBI | SB | CS | BB | SO | BA | OBP | SLG | OPS | TB | GDP | HBP | SH | SF | IBB,True,Jordan Westburg,westbu000jor
standard_batting,Register Batting,0,37,Year | Age | AgeDif | Tm | Lg | Lev | Aff | G | PA | AB | R | H | 2B | 3B | HR | RBI | SB | CS | BB | SO | BA | OBP | SLG | OPS | TB | GDP | HBP | SH | SF | IBB,True,Sam Huff,huff--000sam
standard_batting,Register Batting,0,28,Year | Age | AgeDif | Tm | Lg | Lev | Aff | G | PA | AB | R | H | 2B | 3B | HR | RBI | SB | CS | BB | SO | BA | OBP | SLG | OPS | TB | GDP | HBP | SH | SF | IBB,True,Tommy Troy,troy--000tom
standard_batting,Register Batting,0,33,Year | Age | AgeDif | Tm | Lg | Lev | Aff | G | PA | AB | R | H | 2B | 3B | HR | RBI | SB | CS | BB | SO | BA | OBP | SLG | OPS | TB | GDP | HBP | SH | SF | IBB,True,Brayan Rocchio,rocchi000bra
standard_batting,Register Batting,1,3,Year | Age | AgeDif | Tm | Lg | Lev | Aff | G | PA | AB | R | H | 2B | 3B | HR | RBI | SB | CS | BB | SO | BA | OBP | SLG | OPS | TB | GDP | HBP | SH | SF | IBB,True,Luis García Jr.,garcia012lui
standard_batting,Register Batting,0,39,Year | Age | AgeDif | Tm | Lg | Lev | Aff | G | PA | AB | R | H | 2B | 3B | HR | RBI | SB | CS | BB | SO | BA | OBP | SLG | OPS | TB | GDP | HBP | SH | SF | IBB,True,Albert Almora Jr.,almora001alb
standard_batting,Register Batting,0,31,Year | Age | AgeDif | Tm | Lg | Lev | Aff | G | PA | AB | R | H | 2B | 3B | HR | RBI | SB | CS | BB | SO | BA | OBP | SLG | OPS | TB | GDP | HBP | SH | SF | IBB,True,Ceddanne Rafaela,rafael001ced
standard_batting,Register Batting,0,37,Year | Age | AgeDif | Tm | Lg | Lev | Aff | G | PA | AB | R | H | 2B | 3B | HR | RBI | SB | CS | BB | SO | BA | OBP | SLG | OPS | TB | GDP | HBP | SH | SF | IBB,True,Daulton Varsho,varsho000dau
standard_batting,Register Batting,0,41,Year | Age | AgeDif | Tm | Lg | Lev | Aff | G | PA | AB | R | H | 2B | 3B | HR | RBI | SB | CS | BB | SO | BA | OBP | SLG | OPS | TB | GDP | HBP | SH | SF | IBB,True,Geraldo Perdomo,perdom000ger
standard_batting,Register Batting,0,26,Year | Age | AgeDif | Tm | Lg | Lev | Aff | G | PA | AB | R | H | 2B | 3B | HR | RBI | SB | CS | BB | SO | BA | OBP | SLG | OPS | TB | GDP | HBP | SH | SF | IBB,True,Gabriel Gonzalez,gonzal009gab
standard_batting,Register Batting,0,33,Year | Age | AgeDif | Tm | Lg | Lev | Aff | G | PA | AB | R | H | 2B | 3B | HR | RBI | SB | CS | BB | SO | BA | OBP | SLG | OPS | TB | GDP | HBP | SH | SF | IBB,True,Liover Peguero,peguer001lio
standard_batting,Register Batting,0,44,Year | Age | AgeDif | Tm | Lg | Lev | Aff | G | PA | AB | R | H | 2B | 3B | HR | RBI | SB | CS | BB | SO | BA | OBP | SLG | OPS | TB | GDP | HBP | SH | SF | IBB,True,Michael Chavis,chavis000mic
standard_batting,Register Batting,0,35,Year | Age | AgeDif | Tm | Lg | Lev | Aff | G | PA | AB | R | H | 2B | 3B | HR | RBI | SB | CS | BB | SO | BA | OBP | SLG | OPS | TB | GDP | HBP | SH | SF | IBB,True,Trevor Larnach,larnac000tre
standard_batting,Register Batting,0,3,Year | Age | AgeDif | Tm | Lg | Lev | Aff | G | PA | AB | R | H | 2B | 3B | HR | RBI | SB | CS | BB | SO | BA | OBP | SLG | OPS | TB | GDP | HBP | SH | SF | IBB,True,Kevin Alvarez,alvare002kev
standard_batting,Register Batting,0,46,Year | Age | AgeDif | Tm | Lg | Lev | Aff | G | PA | AB | R | H | 2B | 3B | HR | RBI | SB | CS | BB | SO | BA | OBP | SLG | OPS | TB | GDP | HBP | SH | SF | IBB,True,Christian Arroyo,arroyo000chr
standard_batting,Register Batting,0,28,Year | Age | AgeDif | Tm | Lg | Lev | Aff | G | PA | AB | R | H | 2B | 3B | HR | RBI | SB | CS | BB | SO | BA | OBP | SLG | OPS | TB | GDP | HBP | SH | SF | IBB,True,Jordan Beck,beck--001jor
standard_batting,Register Batting,0,15,Year | Age | AgeDif | Tm | Lg | Lev | Aff | G | PA | AB | R | H | 2B | 3B | HR | RBI | SB | CS | BB | SO | BA | OBP | SLG | OPS | TB | GDP | HBP | SH | SF | IBB,True,Starlyn Caba,caba--000jes
standard_batting,Register Batting,0,41,Year | Age | AgeDif | Tm | Lg | Lev | Aff | G | PA | AB | R | H | 2B | 3B | HR | RBI | SB | CS | BB | SO | BA | OBP | SLG | OPS | TB | GDP | HBP | SH | SF | IBB,True,Zack Collins,collin002zac
standard_batting,Register Batting,0,10,Year | Age | AgeDif | Tm | Lg | Lev | Aff | G | PA | AB | R | H | 2B | 3B | HR | RBI | SB | CS | BB | SO | BA | OBP | SLG | OPS | TB | GDP | HBP | SH | SF | IBB,True,Roldy Brito,brito-000rol
standard_batting,Register Batting,0,22,Year | Age | AgeDif | Tm | Lg | Lev | Aff | G | PA | AB | R | H | 2B | 3B | HR | RBI | SB | CS | BB | SO | BA | OBP | SLG | OPS | TB | GDP | HBP | SH | SF | IBB,True,Thayron Liranzo,liranz000tha
standard_batting,Register Batting,0,40,Year | Age | AgeDif | Tm | Lg | Lev | Aff | G | PA | AB | R | H | 2B | 3B | HR | RBI | SB | CS | BB | SO | BA | OBP | SLG | OPS | TB | GDP | HBP | SH | SF | IBB,True,Derek Fisher,fisher001der
standard_batting,Register Batting,0,33,Year | Age | AgeDif | Tm | Lg | Lev | Aff | G | PA | AB | R | H | 2B | 3B | HR | RBI | SB | CS | BB | SO | BA | OBP | SLG | OPS | TB | GDP | HBP | SH | SF | IBB,True,Ezequiel Duran,duran-000eze
standard_batting,Register Batting,0,3,Year | Age | AgeDif | Tm | Lg | Lev | Aff | G | PA | AB | R | H | 2B | 3B | HR | RBI | SB | CS | BB | SO | BA | OBP | SLG | OPS | TB | GDP | HBP | SH | SF | IBB,True,Kayson Cunningham,cunnin000kay
standard_batting,Register Batting,0,24,Year | Age | AgeDif | Tm | Lg | Lev | Aff | G | PA | AB | R | H | 2B | 3B | HR | RBI | SB | CS | BB | SO | BA | OBP | SLG | OPS | TB | GDP | HBP | SH | SF | IBB,True,Drew Romo,romo--000dre
standard_batting,Register Batting,0,16,Year | Age | AgeDif | Tm | Lg | Lev | Aff | G | PA | AB | R | H | 2B | 3B | HR | RBI | SB | CS | BB | SO | BA | OBP | SLG | OPS | TB | GDP | HBP | SH | SF | IBB,True,Jefferson Rojas,rojas-003jef
standard_batting,Register Batting,0,43,Year | Age | AgeDif | Tm | Lg | Lev | Aff | G | PA | AB | R | H | 2B | 3B | HR | RBI | SB | CS | BB | SO | BA | OBP | SLG | OPS | TB | GDP | HBP | SH | SF | IBB,True,Ronaldo Hernández,hernan000ron
standard_batting,Register Batting,0,19,Year | Age | AgeDif | Tm | Lg | Lev | Aff | G | PA | AB | R | H | 2B | 3B | HR | RBI | SB | CS | BB | SO | BA | OBP | SLG | OPS | TB | GDP | HBP | SH | SF | IBB,True,Sal Stewart,stewar000sal
standard_batting,Register Batting,1,3,Year | Age | AgeDif | Tm | Lg | Lev | Aff | G | PA | AB | R | H | 2B | 3B | HR | RBI | SB | CS | BB | SO | BA | OBP | SLG | OPS | TB | GDP | HBP | SH | SF | IBB,True,Spencer Jones,jones-003spe
standard_batting,Register Batting,0,13,Year | Age | AgeDif | Tm | Lg | Lev | Aff | G | PA | AB | R | H | 2B | 3B | HR | RBI | SB | CS | BB | SO | BA | OBP | SLG | OPS | TB | GDP | HBP | SH | SF | IBB,True,Austin Hendrick,hendri001aus
standard_batting,Register Batting,0,41,Year | Age | AgeDif | Tm | Lg | Lev | Aff | G | PA | AB | R | H | 2B | 3B | HR | RBI | SB | CS | BB | SO | BA | OBP | SLG | OPS | TB | GDP | HBP | SH | SF | IBB,True,Jarren Duran,duran-000jar
standard_batting,Register Batting,0,37,Year | Age | AgeDif | Tm | Lg | Lev | Aff | G | PA | AB | R | H | 2B | 3B | HR | RBI | SB | CS | BB | SO | BA | OBP | SLG | OPS | TB | GDP | HBP | SH | SF | IBB,True,Oscar Colás,colas-000osc
standard_batting,Register Batting,0,26,Year | Age | AgeDif | Tm | Lg | Lev | Aff | G | PA | AB | R | H | 2B | 3B | HR | RBI | SB | CS | BB | SO | BA | OBP | SLG | OPS | TB | GDP | HBP | SH | SF | IBB,True,Carter Jensen,jensen000car
standard_batting,Register Batting,0,16,Year | Age | AgeDif | Tm | Lg | Lev | Aff | G | PA | AB | R | H | 2B | 3B | HR | RBI | SB | CS | BB | SO | BA | OBP | SLG | OPS | TB | GDP | HBP | SH | SF | IBB,True,Pedro Ramírez,ramire004ped
standard_batting,Register Batting,0,14,Year | Age | AgeDif | Tm | Lg | Lev | Aff | G | PA | AB | R | H | 2B | 3B | HR | RBI | SB | CS | BB | SO | BA | OBP | SLG | OPS | TB | GDP | HBP | SH | SF | IBB,True,Roderick Arias,arias-003rod
standard_batting,Register Batting,0,27,Year | Age | AgeDif | Tm | Lg | Lev | Aff | G | PA | AB | R | H | 2B | 3B | HR | RBI | SB | CS | BB | SO | BA | OBP | SLG | OPS | TB | GDP | HBP | SH | SF | IBB,True,Matt McLain,mclain000mat
standard_batting,Register Batting,0,33,Year | Age | AgeDif | Tm | Lg | Lev | Aff | G | PA | AB | R | H | 2B | 3B | HR | RBI | SB | CS | BB | SO | BA | OBP | SLG | OPS | TB | GDP | HBP | SH | SF | IBB,True,Travis Swaggerty,swagge000tra
standard_batting,Register Batting,0,54,Year | Age | AgeDif | Tm | Lg | Lev | Aff | G | PA | AB | R | H | 2B | 3B | HR | RBI | SB | CS | BB | SO | BA | OBP | SLG | OPS | TB | GDP | HBP | SH | SF | IBB,True,J.P. Martínez,martin013jul
standard_batting,Register Batting,0,36,Year | Age | AgeDif | Tm | Lg | Lev | Aff | G | PA | AB | R | H | 2B | 3B | HR | RBI | SB | CS | BB | SO | BA | OBP | SLG | OPS | TB | GDP | HBP | SH | SF | IBB,True,Miguel Amaya,amaya-000mig
standard_batting,Register Batting,0,26,Year | Age | AgeDif | Tm | Lg | Lev | Aff | G | PA | AB | R | H | 2B | 3B | HR | RBI | SB | CS | BB | SO | BA | OBP | SLG | OPS | TB | GDP | HBP | SH | SF | IBB,True,Tyler Freeman,freema000tyl
standard_batting,Register Batting,0,33,Year | Age | AgeDif | Tm | Lg | Lev | Aff | G | PA | AB | R | H | 2B | 3B | HR | RBI | SB | CS | BB | SO | BA | OBP | SLG | OPS | TB | GDP | HBP | SH | SF | IBB,True,Justin Foscue,foscue000jus
standard_batting,Register Batting,0,26,Year | Age | AgeDif | Tm | Lg | Lev | Aff | G | PA | AB | R | H | 2B | 3B | HR | RBI | SB | CS | BB | SO | BA | OBP | SLG | OPS | TB | GDP | HBP | SH | SF | IBB,True,Zach Neto,neto--000zac
standard_batting,Register Batting,0,38,Year | Age | AgeDif | Tm | Lg | Lev | Aff | G | PA | AB | R | H | 2B | 3B | HR | RBI | SB | CS | BB | SO | BA | OBP | SLG | OPS | TB | GDP | HBP | SH | SF | IBB,True,Joey Wiemer,wiemer000joe
standard_batting,Register Batting,0,12,Year | Age | AgeDif | Tm | Lg | Lev | Aff | G | PA | AB | R | H | 2B | 3B | HR | RBI | SB | CS | BB | SO | BA | OBP | SLG | OPS | TB | GDP | HBP | SH | SF | IBB,True,Nathan Flewelling,flewel000nat
standard_batting,Register Batting,0,46,Year | Age | AgeDif | Tm | Lg | Lev | Aff | G | PA | AB | R | H | 2B | 3B | HR | RBI | SB | CS | BB | SO | BA | OBP | SLG | OPS | TB | GDP | HBP | SH | SF | IBB,True,Raimel Tapia,tapia-000rai
standard_batting,Register Batting,0,24,Year | Age | AgeDif | Tm | Lg | Lev | Aff | G | PA | AB | R | H | 2B | 3B | HR | RBI | SB | CS | BB | SO | BA | OBP | SLG | OPS | TB | GDP | HBP | SH | SF | IBB,True,Alec Burleson,burles000ale
standard_batting,Register Batting,1,9,Year | Age | AgeDif | Tm | Lg | Lev | Aff | G | PA | AB | R | H | 2B | 3B | HR | RBI | SB | CS | BB | SO | BA | OBP | SLG | OPS | TB | GDP | HBP | SH | SF | IBB,True,Delvin Pérez,perez-002del
standard_batting,Register Batting,0,17,Year | Age | AgeDif | Tm | Lg | Lev | Aff | G | PA | AB | R | H | 2B | 3B | HR | RBI | SB | CS | BB | SO | BA | OBP | SLG | OPS | TB | GDP | HBP | SH | SF | IBB,True,Greg Jones,jones-003gre
standard_batting,Register Batting,0,33,Year | Age | AgeDif | Tm | Lg | Lev | Aff | G | PA | AB | R | H | 2B | 3B | HR | RBI | SB | CS | BB | SO | BA | OBP | SLG | OPS | TB | GDP | HBP | SH | SF | IBB,True,Pavin Smith,smith-000pav
standard_batting,Register Batting,0,5,Year | Age | AgeDif | Tm | Lg | Lev | Aff | G | PA | AB | R | H | 2B | 3B | HR | RBI | SB | CS | BB | SO | BA | OBP | SLG | OPS | TB | GDP | HBP | SH | SF | IBB,True,Ronny Cruz,cruz--001ron
standard_batting,Register Batting,0,49,Year | Age | AgeDif | Tm | Lg | Lev | Aff | G | PA | AB | R | H | 2B | 3B | HR | RBI | SB | CS | BB | SO | BA | OBP | SLG | OPS | TB | GDP | HBP | SH | SF | IBB,True,Bobby Dalbec,dalbec000bob
standard_batting,Register Batting,1,28,Year | Age | AgeDif | Tm | Lg | Lev | Aff | G | PA | AB | R | H | 2B | 3B | HR | RBI | SB | CS | BB | SO | BA | OBP | SLG | OPS | TB | GDP | HBP | SH | SF | IBB,True,Cristian Hernández,hernan002cri
standard_batting,Register Batting,0,14,Year | Age | AgeDif | Tm | Lg | Lev | Aff | G | PA | AB | R | H | 2B | 3B | HR | RBI | SB | CS | BB | SO | BA | OBP | SLG | OPS | TB | GDP | HBP | SH | SF | IBB,True,Ike Irish,irish-000ike
standard_batting,Register Batting,0,41,Year | Age | AgeDif | Tm | Lg | Lev | Aff | G | PA | AB | R | H | 2B | 3B | HR | RBI | SB | CS | BB | SO | BA | OBP | SLG | OPS | TB | GDP | HBP | SH | SF | IBB,True,Jahmai Jones,jones-000jah
standard_batting,Register Batting,0,17,Year | Age | AgeDif | Tm | Lg | Lev | Aff | G | PA | AB | R | H | 2B | 3B | HR | RBI | SB | CS | BB | SO | BA | OBP | SLG | OPS | TB | GDP | HBP | SH | SF | IBB,True,Miguel Bleis,bleis-000mig
standard_batting,Register Batting,0,47,Year | Age | AgeDif | Tm | Lg | Lev | Aff | G | PA | AB | R | H | 2B | 3B | HR | RBI | SB | CS | BB | SO | BA | OBP | SLG | OPS | TB | GDP | HBP | SH | SF | IBB,True,Richard Urena,urena-000ric
standard_batting,Register Batting,0,25,Year | Age | AgeDif | Tm | Lg | Lev | Aff | G | PA | AB | R | H | 2B | 3B | HR | RBI | SB | CS | BB | SO | BA | OBP | SLG | OPS | TB | GDP | HBP | SH | SF | IBB,True,Tre' Morgan,morgan002tre
standard_batting,Register Batting,0,6,Year | Age | AgeDif | Tm | Lg | Lev | Aff | G | PA | AB | R | H | 2B | 3B | HR | RBI | SB | CS | BB | SO | BA | OBP | SLG | OPS | TB | GDP | HBP | SH | SF | IBB,True,Tyler Stephenson,stephe001tyl
standard_batting,Register Batting,0,37,Year | Age | AgeDif | Tm | Lg | Lev | Aff | G | PA | AB | R | H | 2B | 3B | HR | RBI | SB | CS | BB | SO | BA | OBP | SLG | OPS | TB | GDP | HBP | SH | SF | IBB,True,Adam Haseley,hasele000ada
standard_batting,Register Batting,0,27,Year | Age | AgeDif | Tm | Lg | Lev | Aff | G | PA | AB | R | H | 2B | 3B | HR | RBI | SB | CS | BB | SO | BA | OBP | SLG | OPS | TB | GDP | HBP | SH | SF | IBB,True,Brice Turang,turang002bri
standard_batting,Register Batting,0,28,Year | Age | AgeDif | Tm | Lg | Lev | Aff | G | PA | AB | R | H | 2B | 3B | HR | RBI | SB | CS | BB | SO | BA | OBP | SLG | OPS | TB | GDP | HBP | SH | SF | IBB,True,Colton Welker,welker000col
standard_batting,Register Batting,0,64,Year | Age | AgeDif | Tm | Lg | Lev | Aff | G | PA | AB | R | H | 2B | 3B | HR | RBI | SB | CS | BB | SO | BA | OBP | SLG | OPS | TB | GDP | HBP | SH | SF | IBB,True,Jeimer Candelario,candel000jei
standard_batting,Register Batting,0,34,Year | Age | AgeDif | Tm | Lg | Lev | Aff | G | PA | AB | R | H | 2B | 3B | HR | RBI | SB | CS | BB | SO | BA | OBP | SLG | OPS | TB | GDP | HBP | SH | SF | IBB,True,Jose Miranda,mirand004jos
standard_batting,Register Batting,0,17,Year | Age | AgeDif | Tm | Lg | Lev | Aff | G | PA | AB | R | H | 2B | 3B | HR | RBI | SB | CS | BB | SO | BA | OBP | SLG | OPS | TB | GDP | HBP | SH | SF | IBB,True,Luis Lara,lara--005lui
standard_batting,Register Batting,0,25,Year | Age | AgeDif | Tm | Lg | Lev | Aff | G | PA | AB | R | H | 2B | 3B | HR | RBI | SB | CS | BB | SO | BA | OBP | SLG | OPS | TB | GDP | HBP | SH | SF | IBB,True,Nolan Schanuel,schanu000nol
standard_batting,Register Batting,0,11,Year | Age | AgeDif | Tm | Lg | Lev | Aff | G | PA | AB | R | H | 2B | 3B | HR | RBI | SB | CS | BB | SO | BA | OBP | SLG | OPS | TB | GDP | HBP | SH | SF | IBB,True,Alex Ramírez,ramire012ale
standard_batting,Register Batting,0,33,Year | Age | AgeDif | Tm | Lg | Lev | Aff | G | PA | AB | R | H | 2B | 3B | HR | RBI | SB | CS | BB | SO | BA | OBP | SLG | OPS | TB | GDP | HBP | SH | SF | IBB,True,Austin Wells,wells-001aus
standard_batting,Register Batting,0,48,Year | Age | AgeDif | Tm | Lg | Lev | Aff | G | PA | AB | R | H | 2B | 3B | HR | RBI | SB | CS | BB | SO | BA | OBP | SLG | OPS | TB | GDP | HBP | SH | SF | IBB,True,Bobby Bradley,bradle000bob
standard_batting,Register Batting,0,2,Year | Age | AgeDif | Tm | Lg | Lev | Aff | G | PA | AB | R | H | 2B | 3B | HR | RBI | SB | CS | BB | SO | BA | OBP | SLG | OPS | TB | GDP | HBP | SH | SF | IBB,True,Josh Hammond,hammon002jos
standard_batting,Register Batting,0,14,Year | Age | AgeDif | Tm | Lg | Lev | Aff | G | PA | AB | R | H | 2B | 3B | HR | RBI | SB | CS | BB | SO | BA | OBP | SLG | OPS | TB | GDP | HBP | SH | SF | IBB,True,Justin Gonzales,gonzal003jus
standard_batting,Register Batting,0,24,Year | Age | AgeDif | Tm | Lg | Lev | Aff | G | PA | AB | R | H | 2B | 3B | HR | RBI | SB | CS | BB | SO | BA | OBP | SLG | OPS | TB | GDP | HBP | SH | SF | IBB,True,Ryan Clifford,cliffo000rya
standard_batting,Register Batting,0,12,Year | Age | AgeDif | Tm | Lg | Lev | Aff | G | PA | AB | R | H | 2B | 3B | HR | RBI | SB | CS | BB | SO | BA | OBP | SLG | OPS | TB | GDP | HBP | SH | SF | IBB,True,Charles Davalan,davala000cha
standard_batting,Register Batting,0,44,Year | Age | AgeDif | Tm | Lg | Lev | Aff | G | PA | AB | R | H | 2B | 3B | HR | RBI | SB | CS | BB | SO | BA | OBP | SLG | OPS | TB | GDP | HBP | SH | SF | IBB,True,Chance Sisco,sisco-000cha
standard_batting,Register Batting,1,5,Year | Age | AgeDif | Tm | Lg | Lev | Aff | G | PA | AB | R | H | 2B | 3B | HR | RBI | SB | CS | BB | SO | BA | OBP | SLG | OPS | TB | GDP | HBP | SH | SF | IBB,True,Victor Mesa,mesa--002vic
standard_batting,Register Batting,0,2,Year | Age | AgeDif | Tm | Lg | Lev | Aff | G | PA | AB | R | H | 2B | 3B | HR | RBI | SB | CS | BB | SO | BA | OBP | SLG | OPS | TB | GDP | HBP | SH | SF | IBB,True,Xavier Neyens,neyens000xav
standard_batting,Register Batting,0,36,Year | Age | AgeDif | Tm | Lg | Lev | Aff | G | PA | AB | R | H | 2B | 3B | HR | RBI | SB | CS | BB | SO | BA | OBP | SLG | OPS | TB | GDP | HBP | SH | SF | IBB,True,Matt Chapman,chapma000mat
