Player,Resolve_Status,Resolve_Method,Resolve_Reason,BRef_Register_ID,BRef_Register_URL,Birth_Year,Birth_Country,Birth_State,Chadwick_Name
Andrew Benintendi,resolved,chadwick_name_match_with_minor_id,matches=1; selected_birth_year=1994.0; approx_birth_year=1986; minor_id=benint000and; attempts=exact_full_name=1,benint000and,https://www.baseball-reference.com/register/player.fcgi?id=benint000and,1994.0,,,Andrew Benintendi
Bobby Witt Jr.,resolved,chadwick_name_match_with_minor_id,matches=2; selected_birth_year=2000.0; approx_birth_year=1997; minor_id=witt--005rob; attempts=exact_full_name=2,witt--005rob,https://www.baseball-reference.com/register/player.fcgi?id=witt--005rob,2000.0,,,Bobby Witt
Gunnar Henderson,resolved,chadwick_name_match_with_minor_id,matches=1; selected_birth_year=2001.0; approx_birth_year=1999; minor_id=hender000gun; attempts=exact_full_name=1,hender000gun,https://www.baseball-reference.com/register/player.fcgi?id=hender000gun,2001.0,,,Gunnar Henderson
Jackson Holliday,resolved,chadwick_name_match_with_minor_id,matches=1; selected_birth_year=2003.0; approx_birth_year=2002; minor_id=hollid000jac; attempts=exact_full_name=1,hollid000jac,https://www.baseball-reference.com/register/player.fcgi?id=hollid000jac,2003.0,,,Jackson Holliday
Jesús Made,resolved,chadwick_name_match_with_minor_id,matches=1; selected_birth_year=2007.0; approx_birth_year=2007; minor_id=made--000jes; attempts=exact_full_name=1,made--000jes,https://www.baseball-reference.com/register/player.fcgi?id=made--000jes,2007.0,,,Jesús Made
Shohei Ohtani,resolved,chadwick_name_match_with_minor_id,matches=1; selected_birth_year=1994.0; approx_birth_year=1987; minor_id=otani-000sho; attempts=exact_full_name=1,otani-000sho,https://www.baseball-reference.com/register/player.fcgi?id=otani-000sho,1994.0,,,Shohei Ohtani
Vladimir Guerrero Jr.,resolved,chadwick_name_match_with_minor_id,matches=2; selected_birth_year=1999.0; approx_birth_year=1992; minor_id=guerre002vla; attempts=exact_full_name=2,guerre002vla,https://www.baseball-reference.com/register/player.fcgi?id=guerre002vla,1999.0,,,Vladimir Guerrero
Wander Franco,resolved,chadwick_name_match_with_minor_id,matches=3; selected_birth_year=1996.0; approx_birth_year=1996; minor_id=franco001wan; attempts=exact_full_name=3,franco001wan,https://www.baseball-reference.com/register/player.fcgi?id=franco001wan,1996.0,,,Wander Franco
Adley Rutschman,resolved,chadwick_name_match_with_minor_id,matches=1; selected_birth_year=1998.0; approx_birth_year=1994; minor_id=rutsch000adl; attempts=exact_full_name=1,rutsch000adl,https://www.baseball-reference.com/register/player.fcgi?id=rutsch000adl,1998.0,,,Adley Rutschman
Corbin Carroll,resolved,chadwick_name_match_with_minor_id,matches=1; selected_birth_year=2000.0; approx_birth_year=1998; minor_id=carrol000cor; attempts=exact_full_name=1,carrol000cor,https://www.baseball-reference.com/register/player.fcgi?id=carrol000cor,2000.0,,,Corbin Carroll
Fernando Tatis Jr.,resolved,chadwick_name_match_with_minor_id,matches=3; selected_birth_year=1999.0; approx_birth_year=1992; minor_id=tatis-003fer; attempts=exact_full_name=3,tatis-003fer,https://www.baseball-reference.com/register/player.fcgi?id=tatis-003fer,1999.0,,,Fernando Tatís
Gavin Lux,resolved,chadwick_name_match_with_minor_id,matches=1; selected_birth_year=1997.0; approx_birth_year=1992; minor_id=lux---000gav; attempts=exact_full_name=1,lux---000gav,https://www.baseball-reference.com/register/player.fcgi?id=lux---000gav,1997.0,,,Gavin Lux
Jackson Chourio,resolved,chadwick_name_match_with_minor_id,matches=1; selected_birth_year=2004.0; approx_birth_year=2002; minor_id=chouri000jac; attempts=exact_full_name=1,chouri000jac,https://www.baseball-reference.com/register/player.fcgi?id=chouri000jac,2004.0,,,Jackson Chourio
Leo De Vries,resolved,chadwick_name_match_with_minor_id,matches=1; selected_birth_year=2006.0; approx_birth_year=2007; minor_id=devrie000leo; attempts=exact_full_name=1,devrie000leo,https://www.baseball-reference.com/register/player.fcgi?id=devrie000leo,2006.0,,,Leo De Vries
Roman Anthony,resolved,chadwick_name_match_with_minor_id,matches=1; selected_birth_year=2004.0; approx_birth_year=2003; minor_id=anthon000rom; attempts=exact_full_name=1,anthon000rom,https://www.baseball-reference.com/register/player.fcgi?id=anthon000rom,2004.0,,,Roman Anthony
Ronald Acuña Jr.,resolved,chadwick_name_match_with_minor_id,matches=1; selected_birth_year=1997.0; approx_birth_year=1990; minor_id=acuna-002ron; attempts=exact_full_name=1,acuna-002ron,https://www.baseball-reference.com/register/player.fcgi?id=acuna-002ron,1997.0,,,Ronald Acuña
Yoán Moncada,resolved,chadwick_name_match_with_minor_id,matches=1; selected_birth_year=1995.0; approx_birth_year=1987; minor_id=moncad000joh; attempts=exact_full_name=1,moncad000joh,https://www.baseball-reference.com/register/player.fcgi?id=moncad000joh,1995.0,,,Yoán Moncada
Eloy Jiménez,resolved,chadwick_name_match_with_minor_id,matches=1; selected_birth_year=1996.0; approx_birth_year=1990; minor_id=jimene000elo; attempts=exact_full_name=1,jimene000elo,https://www.baseball-reference.com/register/player.fcgi?id=jimene000elo,1996.0,,,Eloy Jiménez
Francisco Alvarez,resolved,chadwick_name_match_with_minor_id,matches=2; selected_birth_year=2001.0; approx_birth_year=1999; minor_id=alvare006fra; attempts=exact_full_name=2,alvare006fra,https://www.baseball-reference.com/register/player.fcgi?id=alvare006fra,2001.0,,,Francisco Álvarez
Gleyber Torres,resolved,chadwick_name_match_with_minor_id,matches=1; selected_birth_year=1996.0; approx_birth_year=1989; minor_id=torres000gle; attempts=exact_full_name=1,torres000gle,https://www.baseball-reference.com/register/player.fcgi?id=torres000gle,1996.0,,,Gleyber Torres
Julio Rodríguez,resolved,chadwick_name_match_with_minor_id,matches=13; selected_birth_year=1997.0; approx_birth_year=1997; minor_id=rodrig010jul; attempts=exact_full_name=13,rodrig010jul,https://www.baseball-reference.com/register/player.fcgi?id=rodrig010jul,1997.0,,,Julio Rodriguez
Luis Robert Jr.,resolved,chadwick_name_match_with_minor_id,matches=1; selected_birth_year=1997.0; approx_birth_year=1992; minor_id=robert001lui; attempts=exact_full_name=1,robert001lui,https://www.baseball-reference.com/register/player.fcgi?id=robert001lui,1997.0,,,Luis Robert
Spencer Torkelson,resolved,chadwick_name_match_with_minor_id,matches=1; selected_birth_year=1999.0; approx_birth_year=1996; minor_id=torkel000spe; attempts=exact_full_name=1,torkel000spe,https://www.baseball-reference.com/register/player.fcgi?id=torkel000spe,1999.0,,,Spencer Torkelson
Walker Jenkins,resolved,chadwick_name_match_with_minor_id,matches=2; selected_birth_year=2005.0; approx_birth_year=2005; minor_id=jenkin001wal; attempts=exact_full_name=2,jenkin001wal,https://www.baseball-reference.com/register/player.fcgi?id=jenkin001wal,2005.0,,,Walker Jenkins
Dansby Swanson,resolved,chadwick_name_match_with_minor_id,matches=1; selected_birth_year=1994.0; approx_birth_year=1985; minor_id=swanso001dan; attempts=exact_full_name=1,swanso001dan,https://www.baseball-reference.com/register/player.fcgi?id=swanso001dan,1994.0,,,Dansby Swanson
Dylan Crews,resolved,chadwick_name_match_with_minor_id,matches=1; selected_birth_year=2002.0; approx_birth_year=2001; minor_id=crews-000dyl; attempts=exact_full_name=1,crews-000dyl,https://www.baseball-reference.com/register/player.fcgi?id=crews-000dyl,2002.0,,,Dylan Crews
Eli Willits,resolved,chadwick_name_match_with_minor_id,matches=1; selected_birth_year=2007.0; approx_birth_year=2008; minor_id=willit000eli; attempts=exact_full_name=1,willit000eli,https://www.baseball-reference.com/register/player.fcgi?id=willit000eli,2007.0,,,Eli Willits
Jarred Kelenic,resolved,chadwick_name_match_with_minor_id,matches=1; selected_birth_year=1999.0; approx_birth_year=1995; minor_id=keleni000jar; attempts=exact_full_name=1,keleni000jar,https://www.baseball-reference.com/register/player.fcgi?id=keleni000jar,1999.0,,,Jarred Kelenic
Jordan Walker,resolved,chadwick_name_match_with_minor_id,matches=2; selected_birth_year=2002.0; approx_birth_year=2000; minor_id=walker000jor; attempts=exact_full_name=2,walker000jor,https://www.baseball-reference.com/register/player.fcgi?id=walker000jor,2002.0,,,Jordan Walker
Junior Caminero,resolved,chadwick_name_match_with_minor_id,matches=1; selected_birth_year=2003.0; approx_birth_year=2002; minor_id=camine000jun; attempts=exact_full_name=1,camine000jun,https://www.baseball-reference.com/register/player.fcgi?id=camine000jun,2003.0,,,Junior Caminero
Victor Robles,resolved,chadwick_name_match_with_minor_id,matches=2; selected_birth_year=1997.0; approx_birth_year=1991; minor_id=robles002vic; attempts=exact_full_name=2,robles002vic,https://www.baseball-reference.com/register/player.fcgi?id=robles002vic,1997.0,,,Víctor Robles
Amed Rosario,resolved,chadwick_name_match_with_minor_id,matches=1; selected_birth_year=1995.0; approx_birth_year=1987; minor_id=rosari000ame; attempts=exact_full_name=1,rosari000ame,https://www.baseball-reference.com/register/player.fcgi?id=rosari000ame,1995.0,,,Amed Rosario
Anthony Volpe,resolved,chadwick_name_match_with_minor_id,matches=1; selected_birth_year=2001.0; approx_birth_year=1998; minor_id=volpe-000ant; attempts=exact_full_name=1,volpe-000ant,https://www.baseball-reference.com/register/player.fcgi?id=volpe-000ant,2001.0,,,Anthony Volpe
Evan Carter,resolved,chadwick_name_match_with_minor_id,matches=2; selected_birth_year=2002.0; approx_birth_year=2001; minor_id=carter000eva; attempts=exact_full_name=2,carter000eva,https://www.baseball-reference.com/register/player.fcgi?id=carter000eva,2002.0,,,Evan Carter
Riley Greene,resolved,chadwick_name_match_with_minor_id,matches=1; selected_birth_year=2000.0; approx_birth_year=1997; minor_id=greene000ril; attempts=exact_full_name=1,greene000ril,https://www.baseball-reference.com/register/player.fcgi?id=greene000ril,2000.0,,,Riley Greene
Royce Lewis,resolved,chadwick_name_match_with_minor_id,matches=1; selected_birth_year=1999.0; approx_birth_year=1997; minor_id=lewis-002roy; attempts=exact_full_name=1,lewis-002roy,https://www.baseball-reference.com/register/player.fcgi?id=lewis-002roy,1999.0,,,Royce Lewis
Colt Emerson,resolved,chadwick_name_match_with_minor_id,matches=1; selected_birth_year=2005.0; approx_birth_year=2006; minor_id=emerso001col; attempts=exact_full_name=1,emerso001col,https://www.baseball-reference.com/register/player.fcgi?id=emerso001col,2005.0,,,Colt Emerson
Jo Adell,resolved,chadwick_name_match_with_minor_id,matches=1; selected_birth_year=1999.0; approx_birth_year=1993; minor_id=adell-000jo-; attempts=exact_full_name=1,adell-000jo-,https://www.baseball-reference.com/register/player.fcgi?id=adell-000jo-,1999.0,,,Jo Adell
Max Clark,resolved,chadwick_name_match_with_minor_id,matches=6; selected_birth_year=2004.0; approx_birth_year=2005; minor_id=clark-005max; attempts=exact_full_name=6,clark-005max,https://www.baseball-reference.com/register/player.fcgi?id=clark-005max,2004.0,,,Max Clark
Nick Senzel,resolved,chadwick_name_match_with_minor_id,matches=1; selected_birth_year=1995.0; approx_birth_year=1989; minor_id=senzel000nic; attempts=exact_full_name=1,senzel000nic,https://www.baseball-reference.com/register/player.fcgi?id=senzel000nic,1995.0,,,Nick Senzel
Wyatt Langford,resolved,chadwick_name_match_with_minor_id,matches=1; selected_birth_year=2001.0; approx_birth_year=2000; minor_id=langfo000wya; attempts=exact_full_name=1,langfo000wya,https://www.baseball-reference.com/register/player.fcgi?id=langfo000wya,2001.0,,,Wyatt Langford
Gabriel Moreno,resolved,chadwick_name_match_with_minor_id,matches=1; selected_birth_year=2000.0; approx_birth_year=1996; minor_id=moreno000gab; attempts=exact_full_name=1,moreno000gab,https://www.baseball-reference.com/register/player.fcgi?id=moreno000gab,2000.0,,,Gabriel Moreno
J.P. Crawford,resolved,chadwick_name_match_with_minor_id,matches=1; selected_birth_year=1995.0; approx_birth_year=1987; minor_id=crawfo000jp-; attempts=exact_full_name=1,crawfo000jp-,https://www.baseball-reference.com/register/player.fcgi?id=crawfo000jp-,1995.0,,,J. P. Crawford
Kristian Campbell,resolved,chadwick_name_match_with_minor_id,matches=1; selected_birth_year=2002.0; approx_birth_year=2002; minor_id=campbe000kri; attempts=exact_full_name=1,campbe000kri,https://www.baseball-reference.com/register/player.fcgi?id=campbe000kri,2002.0,,,Kristian Campbell
CJ Abrams,resolved,chadwick_name_match_with_minor_id,matches=1; selected_birth_year=2000.0; approx_birth_year=1997; minor_id=abrams000pau; attempts=exact_full_name=1,abrams000pau,https://www.baseball-reference.com/register/player.fcgi?id=abrams000pau,2000.0,,,CJ Abrams
Ethan Salas,resolved,chadwick_name_match_with_minor_id,matches=1; selected_birth_year=2006.0; approx_birth_year=2007; minor_id=salas-000eth; attempts=exact_full_name=1,salas-000eth,https://www.baseball-reference.com/register/player.fcgi?id=salas-000eth,2006.0,,,Ethan Salas
Kyle Tucker,resolved,chadwick_name_match_with_minor_id,matches=1; selected_birth_year=1997.0; approx_birth_year=1990; minor_id=tucker001kyl; attempts=exact_full_name=1,tucker001kyl,https://www.baseball-reference.com/register/player.fcgi?id=tucker001kyl,1997.0,,,Kyle Tucker
Alex Kirilloff,resolved,chadwick_name_match_with_minor_id,matches=1; selected_birth_year=1997.0; approx_birth_year=1993; minor_id=kirill000ale; attempts=exact_full_name=1,kirill000ale,https://www.baseball-reference.com/register/player.fcgi?id=kirill000ale,1997.0,,,Alex Kirilloff
Carson Williams,resolved,chadwick_name_match_with_minor_id,matches=2; selected_birth_year=2003.0; approx_birth_year=2003; minor_id=willia017car; attempts=exact_full_name=2,willia017car,https://www.baseball-reference.com/register/player.fcgi?id=willia017car,2003.0,,,Carson Williams
Colson Montgomery,resolved,chadwick_name_match_with_minor_id,matches=1; selected_birth_year=2002.0; approx_birth_year=2001; minor_id=montgo001col; attempts=exact_full_name=1,montgo001col,https://www.baseball-reference.com/register/player.fcgi?id=montgo001col,2002.0,,,Colson Montgomery
Josue De Paula,resolved,chadwick_name_match_with_minor_id,matches=1; selected_birth_year=2005.0; approx_birth_year=2006; minor_id=depaul002jos; attempts=exact_full_name=1,depaul002jos,https://www.baseball-reference.com/register/player.fcgi?id=depaul002jos,2005.0,,,Josue De Paula
Ke'Bryan Hayes,resolved,chadwick_name_match_with_minor_id,matches=1; selected_birth_year=1997.0; approx_birth_year=1992; minor_id=hayes-000keb; attempts=exact_full_name=1,hayes-000keb,https://www.baseball-reference.com/register/player.fcgi?id=hayes-000keb,1997.0,,,Ke'Bryan Hayes
Marcelo Mayer,resolved,chadwick_name_match_with_minor_id,matches=1; selected_birth_year=2002.0; approx_birth_year=2002; minor_id=mayer-000mar; attempts=exact_full_name=1,mayer-000mar,https://www.baseball-reference.com/register/player.fcgi?id=mayer-000mar,2002.0,,,Marcelo Mayer
Austin Meadows,resolved,chadwick_name_match_with_minor_id,matches=1; selected_birth_year=1995.0; approx_birth_year=1987; minor_id=meadow000aus; attempts=exact_full_name=1,meadow000aus,https://www.baseball-reference.com/register/player.fcgi?id=meadow000aus,1995.0,,,Austin Meadows
Brendan Rodgers,resolved,chadwick_name_match_with_minor_id,matches=1; selected_birth_year=1996.0; approx_birth_year=1991; minor_id=rodger000bre; attempts=exact_full_name=1,rodger000bre,https://www.baseball-reference.com/register/player.fcgi?id=rodger000bre,1996.0,,,Brendan Rodgers
Elly De La Cruz,resolved,chadwick_name_match_with_minor_id,matches=1; selected_birth_year=2002.0; approx_birth_year=1999; minor_id=delacr000ell; attempts=exact_full_name=1,delacr000ell,https://www.baseball-reference.com/register/player.fcgi?id=delacr000ell,2002.0,,,Elly De La Cruz
Sebastian Walcott,resolved,chadwick_name_match_with_minor_id,matches=1; selected_birth_year=2006.0; approx_birth_year=2006; minor_id=walcot000seb; attempts=exact_full_name=1,walcot000seb,https://www.baseball-reference.com/register/player.fcgi?id=walcot000seb,2006.0,,,Sebastian Walcott
Travis Bazzana,resolved,chadwick_name_match_with_minor_id,matches=1; selected_birth_year=2002.0; approx_birth_year=2003; minor_id=bazzan000tra; attempts=exact_full_name=1,bazzan000tra,https://www.baseball-reference.com/register/player.fcgi?id=bazzan000tra,2002.0,,,Travis Bazzana
Bo Bichette,resolved,chadwick_name_match_with_minor_id,matches=1; selected_birth_year=1998.0; approx_birth_year=1991; minor_id=bichet000bo-; attempts=exact_full_name=1,bichet000bo-,https://www.baseball-reference.com/register/player.fcgi?id=bichet000bo-,1998.0,,,Bo Bichette
Francisco Mejía,resolved,chadwick_name_match_with_minor_id,matches=3; selected_birth_year=1986.0; approx_birth_year=1989; minor_id=mejia-003fra; attempts=exact_full_name=3,mejia-003fra,https://www.baseball-reference.com/register/player.fcgi?id=mejia-003fra,1986.0,,,Francisco Mejia
Franklin Arias,resolved,chadwick_name_match_with_minor_id,matches=2; selected_birth_year=2005.0; approx_birth_year=2006; minor_id=arias-008fra; attempts=exact_full_name=2,arias-008fra,https://www.baseball-reference.com/register/player.fcgi?id=arias-008fra,2005.0,,,Franklin Arias
Jordan Lawlar,resolved,chadwick_name_match_with_minor_id,matches=1; selected_birth_year=2002.0; approx_birth_year=2002; minor_id=lawlar000jor; attempts=exact_full_name=1,lawlar000jor,https://www.baseball-reference.com/register/player.fcgi?id=lawlar000jor,2002.0,,,Jordan Lawlar
Noelvi Marte,resolved,chadwick_name_match_with_minor_id,matches=1; selected_birth_year=2001.0; approx_birth_year=2000; minor_id=marte-000noe; attempts=exact_full_name=1,marte-000noe,https://www.baseball-reference.com/register/player.fcgi?id=marte-000noe,2001.0,,,Noelvi Marte
Ozzie Albies,resolved,chadwick_name_match_with_minor_id,matches=1; selected_birth_year=1997.0; approx_birth_year=1988; minor_id=albies000ozh; attempts=exact_full_name=1,albies000ozh,https://www.baseball-reference.com/register/player.fcgi?id=albies000ozh,1997.0,,,Ozzie Albies
Cristian Pache,resolved,chadwick_name_match_with_minor_id,matches=1; selected_birth_year=1998.0; approx_birth_year=1994; minor_id=pache-000cri; attempts=exact_full_name=1,pache-000cri,https://www.baseball-reference.com/register/player.fcgi?id=pache-000cri,1998.0,,,Cristian Pache
Jackson Merrill,resolved,chadwick_name_match_with_minor_id,matches=1; selected_birth_year=2003.0; approx_birth_year=2001; minor_id=merril000jac; attempts=exact_full_name=1,merril000jac,https://www.baseball-reference.com/register/player.fcgi?id=merril000jac,2003.0,,,Jackson Merrill
Cody Bellinger,resolved,chadwick_name_match_with_minor_id,matches=1; selected_birth_year=1995.0; approx_birth_year=1987; minor_id=bellin000cod; attempts=exact_full_name=1,bellin000cod,https://www.baseball-reference.com/register/player.fcgi?id=bellin000cod,1995.0,,,Cody Bellinger
Dylan Carlson,resolved,chadwick_name_match_with_minor_id,matches=2; selected_birth_year=1998.0; approx_birth_year=1994; minor_id=carlso000dyl; attempts=exact_full_name=2,carlso000dyl,https://www.baseball-reference.com/register/player.fcgi?id=carlso000dyl,1998.0,,,Dylan Carlson
Marco Luciano,resolved,chadwick_name_match_with_minor_id,matches=1; selected_birth_year=2001.0; approx_birth_year=2000; minor_id=lucian000mar; attempts=exact_full_name=1,lucian000mar,https://www.baseball-reference.com/register/player.fcgi?id=lucian000mar,2001.0,,,Marco Luciano
Samuel Basallo,resolved,chadwick_name_match_with_minor_id,matches=1; selected_birth_year=2004.0; approx_birth_year=2004; minor_id=basall000sam; attempts=exact_full_name=1,basall000sam,https://www.baseball-reference.com/register/player.fcgi?id=basall000sam,2004.0,,,Samuel Basallo
Andrew Vaughn,resolved,chadwick_name_match_with_minor_id,matches=2; selected_birth_year=1998.0; approx_birth_year=1993; minor_id=vaughn000and; attempts=exact_full_name=2,vaughn000and,https://www.baseball-reference.com/register/player.fcgi?id=vaughn000and,1998.0,,,Andrew Vaughn
Coby Mayo,resolved,chadwick_name_match_with_minor_id,matches=1; selected_birth_year=2001.0; approx_birth_year=2001; minor_id=mayo--000cob; attempts=exact_full_name=1,mayo--000cob,https://www.baseball-reference.com/register/player.fcgi?id=mayo--000cob,2001.0,,,Coby Mayo
Diego Cartaya,resolved,chadwick_name_match_with_minor_id,matches=1; selected_birth_year=2001.0; approx_birth_year=1999; minor_id=cartay000die; attempts=exact_full_name=1,cartay000die,https://www.baseball-reference.com/register/player.fcgi?id=cartay000die,2001.0,,,Diego Cartaya
James Wood,resolved,chadwick_name_match_with_minor_id,matches=10; selected_birth_year=2002.0; approx_birth_year=2001; minor_id=wood--009jam; attempts=exact_full_name=10,wood--009jam,https://www.baseball-reference.com/register/player.fcgi?id=wood--009jam,2002.0,,,James Wood
Joey Bart,resolved,chadwick_name_match_with_minor_id,matches=1; selected_birth_year=1996.0; approx_birth_year=1993; minor_id=bart--000joe; attempts=exact_full_name=1,bart--000joe,https://www.baseball-reference.com/register/player.fcgi?id=bart--000joe,1996.0,,,Joey Bart
Brennen Davis,resolved,chadwick_name_match_with_minor_id,matches=2; selected_birth_year=1999.0; approx_birth_year=1997; minor_id=davis-014bre; attempts=exact_full_name=2,davis-014bre,https://www.baseball-reference.com/register/player.fcgi?id=davis-014bre,1999.0,,,Brennen Davis
Caleb Bonemer,resolved,chadwick_name_match_with_minor_id,matches=1; selected_birth_year=2005.0; approx_birth_year=2006; minor_id=boneme000cal; attempts=exact_full_name=1,boneme000cal,https://www.baseball-reference.com/register/player.fcgi?id=boneme000cal,2005.0,,,Caleb Bonemer
Druw Jones,resolved,chadwick_name_match_with_minor_id,matches=1; selected_birth_year=2003.0; approx_birth_year=2002; minor_id=jones-000dru; attempts=exact_full_name=1,jones-000dru,https://www.baseball-reference.com/register/player.fcgi?id=jones-000dru,2003.0,,,Druw Jones
Aidan Miller,resolved,chadwick_name_match_with_minor_id,matches=4; selected_birth_year=2004.0; approx_birth_year=2005; minor_id=miller003aid; attempts=exact_full_name=4,miller003aid,https://www.baseball-reference.com/register/player.fcgi?id=miller003aid,2004.0,,,Aidan Miller
Pete Crow-Armstrong,resolved,chadwick_name_match_with_minor_id,matches=1; selected_birth_year=2002.0; approx_birth_year=2000; minor_id=crow-a000pet; attempts=exact_full_name=1,crow-a000pet,https://www.baseball-reference.com/register/player.fcgi?id=crow-a000pet,2002.0,,,Pete Crow-Armstrong
Taylor Trammell,resolved,chadwick_name_match_with_minor_id,matches=1; selected_birth_year=1997.0; approx_birth_year=1993; minor_id=tramme000tay; attempts=exact_full_name=1,tramme000tay,https://www.baseball-reference.com/register/player.fcgi?id=tramme000tay,1997.0,,,Taylor Trammell
Triston Casas,resolved,chadwick_name_match_with_minor_id,matches=1; selected_birth_year=2000.0; approx_birth_year=1997; minor_id=casas-000tri; attempts=exact_full_name=1,casas-000tri,https://www.baseball-reference.com/register/player.fcgi?id=casas-000tri,2000.0,,,Triston Casas
Ethan Holliday,resolved,chadwick_name_match_with_minor_id,matches=1; selected_birth_year=2007.0; approx_birth_year=2007; minor_id=hollid000eth; attempts=exact_full_name=1,hollid000eth,https://www.baseball-reference.com/register/player.fcgi?id=hollid000eth,2007.0,,,Ethan Holliday
Rafael Devers,resolved,chadwick_name_match_with_minor_id,matches=1; selected_birth_year=1996.0; approx_birth_year=1988; minor_id=devers000raf; attempts=exact_full_name=1,devers000raf,https://www.baseball-reference.com/register/player.fcgi?id=devers000raf,1996.0,,,Rafael Devers
Alek Thomas,resolved,chadwick_name_match_with_minor_id,matches=1; selected_birth_year=2000.0; approx_birth_year=1996; minor_id=thomas002ale; attempts=exact_full_name=1,thomas002ale,https://www.baseball-reference.com/register/player.fcgi?id=thomas002ale,2000.0,,,Alek Thomas
Brooks Lee,resolved,chadwick_name_match_with_minor_id,matches=1; selected_birth_year=2001.0; approx_birth_year=1999; minor_id=lee---000bro; attempts=exact_full_name=1,lee---000bro,https://www.baseball-reference.com/register/player.fcgi?id=lee---000bro,2001.0,,,Brooks Lee
Bryce Eldridge,resolved,chadwick_name_match_with_minor_id,matches=1; selected_birth_year=2004.0; approx_birth_year=2005; minor_id=eldrid000bry; attempts=exact_full_name=1,eldrid000bry,https://www.baseball-reference.com/register/player.fcgi?id=eldrid000bry,2004.0,,,Bryce Eldridge
Lewis Brinson,resolved,chadwick_name_match_with_minor_id,matches=1; selected_birth_year=1994.0; approx_birth_year=1986; minor_id=brinso000lew; attempts=exact_full_name=1,brinso000lew,https://www.baseball-reference.com/register/player.fcgi?id=brinso000lew,1994.0,,,Lewis Brinson
Colton Cowser,resolved,chadwick_name_match_with_minor_id,matches=1; selected_birth_year=2000.0; approx_birth_year=1998; minor_id=cowser000col; attempts=exact_full_name=1,cowser000col,https://www.baseball-reference.com/register/player.fcgi?id=cowser000col,2000.0,,,Colton Cowser
Luis Peña,resolved,chadwick_name_match_with_minor_id,matches=11; selected_birth_year=2006.0; approx_birth_year=2007; minor_id=pena--010lui; attempts=exact_full_name=11,pena--010lui,https://www.baseball-reference.com/register/player.fcgi?id=pena--010lui,2006.0,,,Luis Peña
Matt Shaw,resolved,chadwick_name_match_with_minor_id,matches=2; selected_birth_year=2001.0; approx_birth_year=2001; minor_id=shaw--000mat; attempts=exact_full_name=2,shaw--000mat,https://www.baseball-reference.com/register/player.fcgi?id=shaw--000mat,2001.0,,,Matt Shaw
Mickey Moniak,resolved,chadwick_name_match_with_minor_id,matches=1; selected_birth_year=1998.0; approx_birth_year=1990; minor_id=moniak000mic; attempts=exact_full_name=1,moniak000mic,https://www.baseball-reference.com/register/player.fcgi?id=moniak000mic,1998.0,,,Mickey Moniak
JJ Bleday,resolved,chadwick_name_match_with_minor_id,matches=1; selected_birth_year=1997.0; approx_birth_year=1994; minor_id=bleday000jef; attempts=exact_full_name=1,bleday000jef,https://www.baseball-reference.com/register/player.fcgi?id=bleday000jef,1997.0,,,JJ Bleday
Keston Hiura,resolved,chadwick_name_match_with_minor_id,matches=1; selected_birth_year=1996.0; approx_birth_year=1990; minor_id=hiura-000kes; attempts=exact_full_name=1,hiura-000kes,https://www.baseball-reference.com/register/player.fcgi?id=hiura-000kes,1996.0,,,Keston Hiura
Nick Gonzales,resolved,chadwick_name_match_with_minor_id,matches=4; selected_birth_year=1999.0; approx_birth_year=1996; minor_id=gonzal004nic; attempts=exact_full_name=4,gonzal004nic,https://www.baseball-reference.com/register/player.fcgi?id=gonzal004nic,1999.0,,,Nick Gonzales
Zyhir Hope,resolved,chadwick_name_match_with_minor_id,matches=1; selected_birth_year=2005.0; approx_birth_year=2005; minor_id=hope--000zyh; attempts=exact_full_name=1,hope--000zyh,https://www.baseball-reference.com/register/player.fcgi?id=hope--000zyh,2005.0,,,Zyhir Hope
Brett Baty,resolved,chadwick_name_match_with_minor_id,matches=1; selected_birth_year=1999.0; approx_birth_year=1997; minor_id=baty--000bre; attempts=exact_full_name=1,baty--000bre,https://www.baseball-reference.com/register/player.fcgi?id=baty--000bre,1999.0,,,Brett Baty
Carter Kieboom,resolved,chadwick_name_match_with_minor_id,matches=1; selected_birth_year=1997.0; approx_birth_year=1992; minor_id=kieboo000car; attempts=exact_full_name=1,kieboo000car,https://www.baseball-reference.com/register/player.fcgi?id=kieboo000car,1997.0,,,Carter Kieboom
George Lombard Jr.,resolved,chadwick_name_match_with_minor_id,matches=2; selected_birth_year=2005.0; approx_birth_year=2006; minor_id=lombar002geo; attempts=exact_full_name=2,lombar002geo,https://www.baseball-reference.com/register/player.fcgi?id=lombar002geo,2005.0,,,George Lombard
Jasson Domínguez,resolved,chadwick_name_match_with_minor_id,matches=1; selected_birth_year=2003.0; approx_birth_year=2002; minor_id=doming002jas; attempts=exact_full_name=1,doming002jas,https://www.baseball-reference.com/register/player.fcgi?id=doming002jas,2003.0,,,Jasson Domínguez
Willy Adames,resolved,chadwick_name_match_with_minor_id,matches=1; selected_birth_year=1995.0; approx_birth_year=1988; minor_id=adames000wil; attempts=exact_full_name=1,adames000wil,https://www.baseball-reference.com/register/player.fcgi?id=adames000wil,1995.0,,,Willy Adames
Austin Martin,resolved,chadwick_name_match_with_minor_id,matches=8; selected_birth_year=1998.0; approx_birth_year=1995; minor_id=martin005aus; attempts=exact_full_name=8,martin005aus,https://www.baseball-reference.com/register/player.fcgi?id=martin005aus,1998.0,,,Austin Martin
Bradley Zimmer,resolved,chadwick_name_match_with_minor_id,matches=1; selected_birth_year=1992.0; approx_birth_year=1984; minor_id=zimmer000bra; attempts=exact_full_name=1,zimmer000bra,https://www.baseball-reference.com/register/player.fcgi?id=zimmer000bra,1992.0,,,Bradley Zimmer
Colt Keith,resolved,chadwick_name_match_with_minor_id,matches=1; selected_birth_year=2001.0; approx_birth_year=2000; minor_id=keith-000col; attempts=exact_full_name=1,keith-000col,https://www.baseball-reference.com/register/player.fcgi?id=keith-000col,2001.0,,,Colt Keith
Jac Caglianone,resolved,chadwick_name_match_with_minor_id,matches=1; selected_birth_year=2003.0; approx_birth_year=2002; minor_id=caglia000jac; attempts=exact_full_name=1,caglia000jac,https://www.baseball-reference.com/register/player.fcgi?id=caglia000jac,2003.0,,,Jac Caglianone
Austin Hays,resolved,chadwick_name_match_with_minor_id,matches=2; selected_birth_year=1995.0; approx_birth_year=1988; minor_id=hays--000aus; attempts=exact_full_name=2,hays--000aus,https://www.baseball-reference.com/register/player.fcgi?id=hays--000aus,1995.0,,,Austin Hays
JJ Wetherholt,resolved,chadwick_name_match_with_minor_id,matches=1; selected_birth_year=2002.0; approx_birth_year=2002; minor_id=wether000jj-; attempts=exact_full_name=1,wether000jj-,https://www.baseball-reference.com/register/player.fcgi?id=wether000jj-,2002.0,,,JJ Wetherholt
Luis Urías,resolved,chadwick_name_match_with_minor_id,matches=2; selected_birth_year=1997.0; approx_birth_year=1991; minor_id=urias-000lui; attempts=exact_full_name=2,urias-000lui,https://www.baseball-reference.com/register/player.fcgi?id=urias-000lui,1997.0,,,Luis Urías
Manuel Margot,resolved,chadwick_name_match_with_minor_id,matches=1; selected_birth_year=1994.0; approx_birth_year=1986; minor_id=margot000man; attempts=exact_full_name=1,margot000man,https://www.baseball-reference.com/register/player.fcgi?id=margot000man,1994.0,,,Manuel Margot
Braden Montgomery,resolved,chadwick_name_match_with_minor_id,matches=1; selected_birth_year=2003.0; approx_birth_year=2003; minor_id=montgo002bra; attempts=exact_full_name=1,montgo002bra,https://www.baseball-reference.com/register/player.fcgi?id=montgo002bra,2003.0,,,Braden Montgomery
Clint Frazier,resolved,chadwick_name_match_with_minor_id,matches=1; selected_birth_year=1994.0; approx_birth_year=1986; minor_id=frazie000cli; attempts=exact_full_name=1,frazie000cli,https://www.baseball-reference.com/register/player.fcgi?id=frazie000cli,1994.0,,,Clint Frazier
Henry Davis,resolved,chadwick_name_match_with_minor_id,matches=3; selected_birth_year=1999.0; approx_birth_year=1997; minor_id=davis-004hen; attempts=exact_full_name=3,davis-004hen,https://www.baseball-reference.com/register/player.fcgi?id=davis-004hen,1999.0,,,Henry Davis
Ezequiel Tovar,resolved,chadwick_name_match_with_minor_id,matches=1; selected_birth_year=2001.0; approx_birth_year=1999; minor_id=tovar-000eze; attempts=exact_full_name=1,tovar-000eze,https://www.baseball-reference.com/register/player.fcgi?id=tovar-000eze,2001.0,,,Ezequiel Tovar
Kahlil Watson,resolved,chadwick_name_match_with_minor_id,matches=1; selected_birth_year=2003.0; approx_birth_year=1999; minor_id=watson000kah; attempts=exact_full_name=1,watson000kah,https://www.baseball-reference.com/register/player.fcgi?id=watson000kah,2003.0,,,Kahlil Watson
Rainiel Rodriguez,resolved,chadwick_name_match_with_minor_id,matches=1; selected_birth_year=2007.0; approx_birth_year=2007; minor_id=rodrig004rai; attempts=exact_full_name=1,rodrig004rai,https://www.baseball-reference.com/register/player.fcgi?id=rodrig004rai,2007.0,,,Rainiel Rodriguez
Alfredo Duno,resolved,chadwick_name_match_with_minor_id,matches=1; selected_birth_year=2006.0; approx_birth_year=2006; minor_id=duno--000alf; attempts=exact_full_name=1,duno--000alf,https://www.baseball-reference.com/register/player.fcgi?id=duno--000alf,2006.0,,,Alfredo Duno
Drew Waters,resolved,chadwick_name_match_with_minor_id,matches=1; selected_birth_year=1998.0; approx_birth_year=1994; minor_id=waters002dre; attempts=exact_full_name=1,waters002dre,https://www.baseball-reference.com/register/player.fcgi?id=waters002dre,1998.0,,,Drew Waters
Oneil Cruz,resolved,chadwick_name_match_with_minor_id,matches=1; selected_birth_year=1998.0; approx_birth_year=1995; minor_id=cruz--000one; attempts=exact_full_name=1,cruz--000one,https://www.baseball-reference.com/register/player.fcgi?id=cruz--000one,1998.0,,,Oneil Cruz
Termarr Johnson,resolved,chadwick_name_match_with_minor_id,matches=1; selected_birth_year=2004.0; approx_birth_year=2004; minor_id=johnso008ter; attempts=exact_full_name=1,johnso008ter,https://www.baseball-reference.com/register/player.fcgi?id=johnso008ter,2004.0,,,Termarr Johnson
Josh Bell,resolved,chadwick_name_match_with_minor_id,matches=7; selected_birth_year=1984.0; approx_birth_year=1984; minor_id=bell--004jos; attempts=exact_full_name=7,bell--004jos,https://www.baseball-reference.com/register/player.fcgi?id=bell--004jos,1984.0,,,Josh Bell
Zac Veen,resolved,chadwick_name_match_with_minor_id,matches=1; selected_birth_year=2001.0; approx_birth_year=1999; minor_id=veen--001zac; attempts=exact_full_name=1,veen--001zac,https://www.baseball-reference.com/register/player.fcgi?id=veen--001zac,2001.0,,,Zac Veen
Adael Amador,resolved,chadwick_name_match_with_minor_id,matches=1; selected_birth_year=2003.0; approx_birth_year=2001; minor_id=amador000ada; attempts=exact_full_name=1,amador000ada,https://www.baseball-reference.com/register/player.fcgi?id=amador000ada,2003.0,,,Adael Amador
Ian Happ,resolved,chadwick_name_match_with_minor_id,matches=1; selected_birth_year=1994.0; approx_birth_year=1986; minor_id=happ--000ian; attempts=exact_full_name=1,happ--000ian,https://www.baseball-reference.com/register/player.fcgi?id=happ--000ian,1994.0,,,Ian Happ
Kevin McGonigle,resolved,chadwick_name_match_with_minor_id,matches=1; selected_birth_year=2004.0; approx_birth_year=2004; minor_id=mcgoni000kev; attempts=exact_full_name=1,mcgoni000kev,https://www.baseball-reference.com/register/player.fcgi?id=mcgoni000kev,2004.0,,,Kevin McGonigle
Charlie Condon,resolved,chadwick_name_match_with_minor_id,matches=1; selected_birth_year=2003.0; approx_birth_year=2003; minor_id=condon000cha; attempts=exact_full_name=1,condon000cha,https://www.baseball-reference.com/register/player.fcgi?id=condon000cha,2003.0,,,Charlie Condon
Josh Jung,resolved,chadwick_name_match_with_minor_id,matches=1; selected_birth_year=1998.0; approx_birth_year=1995; minor_id=jung--000jos; attempts=exact_full_name=1,jung--000jos,https://www.baseball-reference.com/register/player.fcgi?id=jung--000jos,1998.0,,,Josh Jung
Juan Soto,resolved,chadwick_name_match_with_minor_id,matches=4; selected_birth_year=1990.0; approx_birth_year=1991; minor_id=soto--002jua; attempts=exact_full_name=4,soto--002jua,https://www.baseball-reference.com/register/player.fcgi?id=soto--002jua,1990.0,,,Juan Soto
Kyle Lewis,resolved,chadwick_name_match_with_minor_id,matches=9; selected_birth_year=1995.0; approx_birth_year=1988; minor_id=lewis-001kyl; attempts=exact_full_name=9,lewis-001kyl,https://www.baseball-reference.com/register/player.fcgi?id=lewis-001kyl,1995.0,,,Kyle Lewis
Alec Bohm,resolved,chadwick_name_match_with_minor_id,matches=1; selected_birth_year=1996.0; approx_birth_year=1991; minor_id=bohm--000ale; attempts=exact_full_name=1,bohm--000ale,https://www.baseball-reference.com/register/player.fcgi?id=bohm--000ale,1996.0,,,Alec Bohm
Corey Ray,resolved,chadwick_name_match_with_minor_id,matches=2; selected_birth_year=1992.0; approx_birth_year=1986; minor_id=ray---001cor; attempts=exact_full_name=2,ray---001cor,https://www.baseball-reference.com/register/player.fcgi?id=ray---001cor,1992.0,,,Corey Ray
Dalton Rushing,resolved,chadwick_name_match_with_minor_id,matches=1; selected_birth_year=2001.0; approx_birth_year=2000; minor_id=rushin000dal; attempts=exact_full_name=1,rushin000dal,https://www.baseball-reference.com/register/player.fcgi?id=rushin000dal,2001.0,,,Dalton Rushing
Lazaro Montes,resolved,chadwick_name_match_with_minor_id,matches=1; selected_birth_year=2004.0; approx_birth_year=2005; minor_id=montes000laz; attempts=exact_full_name=1,montes000laz,https://www.baseball-reference.com/register/player.fcgi?id=montes000laz,2004.0,,,Lazaro Montes
Sal Frelick,resolved,chadwick_name_match_with_minor_id,matches=1; selected_birth_year=2000.0; approx_birth_year=1997; minor_id=frelic000sal; attempts=exact_full_name=1,frelic000sal,https://www.baseball-reference.com/register/player.fcgi?id=frelic000sal,2000.0,,,Sal Frelick
Chase DeLauter,resolved,chadwick_name_match_with_minor_id,matches=1; selected_birth_year=2001.0; approx_birth_year=2001; minor_id=delaut000cha; attempts=exact_full_name=1,delaut000cha,https://www.baseball-reference.com/register/player.fcgi?id=delaut000cha,2001.0,,,Chase DeLauter
Jacob Wilson,resolved,chadwick_name_match_with_minor_id,matches=9; selected_birth_year=2002.0; approx_birth_year=2001; minor_id=wilson021jac; attempts=exact_full_name=9,wilson021jac,https://www.baseball-reference.com/register/player.fcgi?id=wilson021jac,2002.0,,,Jacob Wilson
Josuar Gonzalez,resolved,chadwick_name_match_with_minor_id,matches=1; selected_birth_year=2007.0; approx_birth_year=2008; minor_id=dejesu005jos; attempts=exact_full_name=1,dejesu005jos,https://www.baseball-reference.com/register/player.fcgi?id=dejesu005jos,2007.0,,,Josuar Gonzalez
Heston Kjerstad,resolved,chadwick_name_match_with_minor_id,matches=1; selected_birth_year=1999.0; approx_birth_year=1997; minor_id=kjerst000hes; attempts=exact_full_name=1,kjerst000hes,https://www.baseball-reference.com/register/player.fcgi?id=kjerst000hes,1999.0,,,Heston Kjerstad
JoJo Parker,resolved,chadwick_name_match_with_minor_id,matches=1; selected_birth_year=2006.0; approx_birth_year=2007; minor_id=parker000joj; attempts=exact_full_name=1,parker000joj,https://www.baseball-reference.com/register/player.fcgi?id=parker000joj,2006.0,,,JoJo Parker
Kevin Maitan,resolved,chadwick_name_match_with_minor_id,matches=1; selected_birth_year=2000.0; approx_birth_year=1992; minor_id=maitan000kev; attempts=exact_full_name=1,maitan000kev,https://www.baseball-reference.com/register/player.fcgi?id=maitan000kev,2000.0,,,Kevin Maitan
Kyle Teel,resolved,chadwick_name_match_with_minor_id,matches=1; selected_birth_year=2002.0; approx_birth_year=2001; minor_id=teel--000kyl; attempts=exact_full_name=1,teel--000kyl,https://www.baseball-reference.com/register/player.fcgi?id=teel--000kyl,2002.0,,,Kyle Teel
Alex Verdugo,resolved,chadwick_name_match_with_minor_id,matches=2; selected_birth_year=1996.0; approx_birth_year=1989; minor_id=verdug000ale; attempts=exact_full_name=2,verdug000ale,https://www.baseball-reference.com/register/player.fcgi?id=verdug000ale,1996.0,,,Alex Verdugo
Curtis Mead,resolved,chadwick_name_match_with_minor_id,matches=1; selected_birth_year=2000.0; approx_birth_year=1999; minor_id=mead--000cur; attempts=exact_full_name=1,mead--000cur,https://www.baseball-reference.com/register/player.fcgi?id=mead--000cur,2000.0,,,Curtis Mead
Nolan Gorman,resolved,chadwick_name_match_with_minor_id,matches=1; selected_birth_year=2000.0; approx_birth_year=1996; minor_id=gorman000nol; attempts=exact_full_name=1,gorman000nol,https://www.baseball-reference.com/register/player.fcgi?id=gorman000nol,2000.0,,,Nolan Gorman
Ryan Waldschmidt,resolved,chadwick_name_match_with_minor_id,matches=1; selected_birth_year=2002.0; approx_birth_year=2003; minor_id=waldsc000rya; attempts=exact_full_name=1,waldsc000rya,https://www.baseball-reference.com/register/player.fcgi?id=waldsc000rya,2002.0,,,Ryan Waldschmidt
Sean Murphy,resolved,chadwick_name_match_with_minor_id,matches=13; selected_birth_year=1988.0; approx_birth_year=1989; minor_id=murphy005sea; attempts=exact_full_name=13,murphy005sea,https://www.baseball-reference.com/register/player.fcgi?id=murphy005sea,1988.0,,,Sean Murphy
A.J. Ewing,resolved,chadwick_name_match_with_minor_id,matches=1; selected_birth_year=2004.0; approx_birth_year=2005; minor_id=ewing-000aj-; attempts=exact_full_name=1,ewing-000aj-,https://www.baseball-reference.com/register/player.fcgi?id=ewing-000aj-,2004.0,,,A. J. Ewing
Leody Taveras,resolved,chadwick_name_match_with_minor_id,matches=1; selected_birth_year=1998.0; approx_birth_year=1991; minor_id=tavera000leo; attempts=exact_full_name=1,tavera000leo,https://www.baseball-reference.com/register/player.fcgi?id=tavera000leo,1998.0,,,Leody Taveras
Randy Arozarena,resolved,chadwick_name_match_with_minor_id,matches=1; selected_birth_year=1995.0; approx_birth_year=1990; minor_id=arroza000ran; attempts=exact_full_name=1,arroza000ran,https://www.baseball-reference.com/register/player.fcgi?id=arroza000ran,1995.0,,,Randy Arozarena
Aiva Arquette,resolved,chadwick_name_match_with_minor_id,matches=1; selected_birth_year=2003.0; approx_birth_year=2004; minor_id=arquet000aiv; attempts=exact_full_name=1,arquet000aiv,https://www.baseball-reference.com/register/player.fcgi?id=arquet000aiv,2003.0,,,Aiva Arquette
Jeferson Quero,resolved,chadwick_name_match_with_minor_id,matches=1; selected_birth_year=2002.0; approx_birth_year=2002; minor_id=quero-000jef; attempts=exact_full_name=1,quero-000jef,https://www.baseball-reference.com/register/player.fcgi?id=quero-000jef,2002.0,,,Jeferson Quero
Robert Hassell III,resolved,chadwick_name_match_with_minor_id,matches=1; selected_birth_year=2001.0; approx_birth_year=1999; minor_id=hassel002rob; attempts=exact_full_name=1,hassel002rob,https://www.baseball-reference.com/register/player.fcgi?id=hassel002rob,2001.0,,,Robert Hassell
Scott Kingery,resolved,chadwick_name_match_with_minor_id,matches=1; selected_birth_year=1994.0; approx_birth_year=1986; minor_id=kinger000sco; attempts=exact_full_name=1,kinger000sco,https://www.baseball-reference.com/register/player.fcgi?id=kinger000sco,1994.0,,,Scott Kingery
Keibert Ruiz,resolved,chadwick_name_match_with_minor_id,matches=1; selected_birth_year=1998.0; approx_birth_year=1994; minor_id=ruiz--000kei; attempts=exact_full_name=1,ruiz--000kei,https://www.baseball-reference.com/register/player.fcgi?id=ruiz--000kei,1998.0,,,Keibert Ruiz
Kevin Parada,resolved,chadwick_name_match_with_minor_id,matches=1; selected_birth_year=2001.0; approx_birth_year=1999; minor_id=parada000kev; attempts=exact_full_name=1,parada000kev,https://www.baseball-reference.com/register/player.fcgi?id=parada000kev,2001.0,,,Kevin Parada
Nolan Jones,resolved,chadwick_name_match_with_minor_id,matches=1; selected_birth_year=1998.0; approx_birth_year=1993; minor_id=jones-000nol; attempts=exact_full_name=1,jones-000nol,https://www.baseball-reference.com/register/player.fcgi?id=jones-000nol,1998.0,,,Nolan Jones
Tyler O'Neill,resolved,chadwick_name_match_with_minor_id,matches=3; selected_birth_year=1995.0; approx_birth_year=1988; minor_id=oneill000tyl; attempts=exact_full_name=3,oneill000tyl,https://www.baseball-reference.com/register/player.fcgi?id=oneill000tyl,1995.0,,,Tyler O'Neill
Blake Rutherford,resolved,chadwick_name_match_with_minor_id,matches=2; selected_birth_year=1995.0; approx_birth_year=1989; minor_id=ruther001bla; attempts=exact_full_name=2,ruther001bla,https://www.baseball-reference.com/register/player.fcgi?id=ruther001bla,1995.0,,,Blake Rutherford
Cole Young,resolved,chadwick_name_match_with_minor_id,matches=3; selected_birth_year=2003.0; approx_birth_year=2003; minor_id=young-006col; attempts=exact_full_name=3,young-006col,https://www.baseball-reference.com/register/player.fcgi?id=young-006col,2003.0,,,Cole Young
Edward Florentino,resolved,chadwick_name_match_with_minor_id,matches=1; selected_birth_year=2006.0; approx_birth_year=2007; minor_id=floren000edw; attempts=exact_full_name=1,floren000edw,https://www.baseball-reference.com/register/player.fcgi?id=floren000edw,2006.0,,,Edward Florentino
Emmanuel Rodriguez,resolved,chadwick_name_match_with_minor_id,matches=5; selected_birth_year=2003.0; approx_birth_year=2003; minor_id=rodrig003emm; attempts=exact_full_name=5,rodrig003emm,https://www.baseball-reference.com/register/player.fcgi?id=rodrig003emm,2003.0,,,Emmanuel Rodriguez
Miguel Vargas,resolved,chadwick_name_match_with_minor_id,matches=9; selected_birth_year=1995.0; approx_birth_year=1997; minor_id=vargas004mig; attempts=exact_full_name=9,vargas004mig,https://www.baseball-reference.com/register/player.fcgi?id=vargas004mig,1995.0,,,Miguel Vargas
Austin Riley,resolved,chadwick_name_match_with_minor_id,matches=2; selected_birth_year=1997.0; approx_birth_year=1990; minor_id=riley-000aus; attempts=exact_full_name=2,riley-000aus,https://www.baseball-reference.com/register/player.fcgi?id=riley-000aus,1997.0,,,Austin Riley
Eduardo Quintero,resolved,chadwick_name_match_with_minor_id,matches=1; selected_birth_year=2005.0; approx_birth_year=2006; minor_id=quinte000edu; attempts=exact_full_name=1,quinte000edu,https://www.baseball-reference.com/register/player.fcgi?id=quinte000edu,2005.0,,,Eduardo Quintero
Harry Ford,resolved,chadwick_name_match_with_minor_id,matches=2; selected_birth_year=2003.0; approx_birth_year=2002; minor_id=ford--003har; attempts=exact_full_name=2,ford--003har,https://www.baseball-reference.com/register/player.fcgi?id=ford--003har,2003.0,,,Harry Ford
Nick Kurtz,resolved,chadwick_name_match_with_minor_id,matches=1; selected_birth_year=2003.0; approx_birth_year=2002; minor_id=kurtz-000nic; attempts=exact_full_name=1,kurtz-000nic,https://www.baseball-reference.com/register/player.fcgi?id=kurtz-000nic,2003.0,,,Nick Kurtz
Orelvis Martinez,resolved,chadwick_name_match_with_minor_id,matches=1; selected_birth_year=2001.0; approx_birth_year=2000; minor_id=martin001ore; attempts=exact_full_name=1,martin001ore,https://www.baseball-reference.com/register/player.fcgi?id=martin001ore,2001.0,,,Orelvis Martinez
Carson Kelly,resolved,chadwick_name_match_with_minor_id,matches=3; selected_birth_year=1994.0; approx_birth_year=1987; minor_id=kelly-001car; attempts=exact_full_name=3,kelly-001car,https://www.baseball-reference.com/register/player.fcgi?id=kelly-001car,1994.0,,,Carson Kelly
Jesús Sánchez,resolved,chadwick_name_match_with_minor_id,matches=11; selected_birth_year=1995.0; approx_birth_year=1992; minor_id=sanche006jes; attempts=exact_full_name=11,sanche006jes,https://www.baseball-reference.com/register/player.fcgi?id=sanche006jes,1995.0,,,Jesus Sanchez
Kaelen Culpepper,resolved,chadwick_name_match_with_minor_id,matches=1; selected_birth_year=2002.0; approx_birth_year=2003; minor_id=culpep000kae; attempts=exact_full_name=1,culpep000kae,https://www.baseball-reference.com/register/player.fcgi?id=culpep000kae,2002.0,,,Kaelen Culpepper
Tyler Soderstrom,resolved,chadwick_name_match_with_minor_id,matches=1; selected_birth_year=2001.0; approx_birth_year=1999; minor_id=soders000tyl; attempts=exact_full_name=1,soders000tyl,https://www.baseball-reference.com/register/player.fcgi?id=soders000tyl,2001.0,,,Tyler Soderstrom
Nick Madrigal,resolved,chadwick_name_match_with_minor_id,matches=2; selected_birth_year=1997.0; approx_birth_year=1992; minor_id=madrig000nic; attempts=exact_full_name=2,madrig000nic,https://www.baseball-reference.com/register/player.fcgi?id=madrig000nic,1997.0,,,Nick Madrigal
Ryan McMahon,resolved,chadwick_name_match_with_minor_id,matches=3; selected_birth_year=1994.0; approx_birth_year=1987; minor_id=mcmaho000rya; attempts=exact_full_name=3,mcmaho000rya,https://www.baseball-reference.com/register/player.fcgi?id=mcmaho000rya,1994.0,,,Ryan McMahon
Hunter Renfroe,resolved,chadwick_name_match_with_minor_id,matches=1; selected_birth_year=1992.0; approx_birth_year=1983; minor_id=renfro002dus; attempts=exact_full_name=1,renfro002dus,https://www.baseball-reference.com/register/player.fcgi?id=renfro002dus,1992.0,,,Hunter Renfroe
Mike Sirota,resolved,chadwick_name_match_with_minor_id,matches=1; selected_birth_year=2003.0; approx_birth_year=2004; minor_id=sirota000mic; attempts=exact_full_name=1,sirota000mic,https://www.baseball-reference.com/register/player.fcgi?id=sirota000mic,2003.0,,,Mike Sirota
Konnor Griffin,resolved,chadwick_name_match_with_minor_id,matches=1; selected_birth_year=2006.0; approx_birth_year=2005; minor_id=griffi000kon; attempts=exact_full_name=1,griffi000kon,https://www.baseball-reference.com/register/player.fcgi?id=griffi000kon,2006.0,,,Konnor Griffin
Kristian Robinson,resolved,chadwick_name_match_with_minor_id,matches=1; selected_birth_year=2000.0; approx_birth_year=1996; minor_id=robins000kri; attempts=exact_full_name=1,robins000kri,https://www.baseball-reference.com/register/player.fcgi?id=robins000kri,2000.0,,,Kristian Robinson
Masyn Winn,resolved,chadwick_name_match_with_minor_id,matches=1; selected_birth_year=2002.0; approx_birth_year=2000; minor_id=winn--000mas; attempts=exact_full_name=1,winn--000mas,https://www.baseball-reference.com/register/player.fcgi?id=winn--000mas,2002.0,,,Masyn Winn
Theo Gillen,resolved,chadwick_name_match_with_minor_id,matches=1; selected_birth_year=2005.0; approx_birth_year=2006; minor_id=gillen000the; attempts=exact_full_name=1,gillen000the,https://www.baseball-reference.com/register/player.fcgi?id=gillen000the,2005.0,,,Theo Gillen
Edwin Arroyo,resolved,chadwick_name_match_with_minor_id,matches=2; selected_birth_year=2003.0; approx_birth_year=2004; minor_id=arroyo001edw; attempts=exact_full_name=2,arroyo001edw,https://www.baseball-reference.com/register/player.fcgi?id=arroyo001edw,2003.0,,,Edwin Arroyo
Estevan Florial,resolved,chadwick_name_match_with_minor_id,matches=1; selected_birth_year=1997.0; approx_birth_year=1991; minor_id=floria000est; attempts=exact_full_name=1,floria000est,https://www.baseball-reference.com/register/player.fcgi?id=floria000est,1997.0,,,Estevan Florial
Jeter Downs,resolved,chadwick_name_match_with_minor_id,matches=1; selected_birth_year=1998.0; approx_birth_year=1994; minor_id=downs-000jet; attempts=exact_full_name=1,downs-000jet,https://www.baseball-reference.com/register/player.fcgi?id=downs-000jet,1998.0,,,Jeter Downs
Joe Mack,resolved,chadwick_name_match_with_minor_id,matches=2; selected_birth_year=2002.0; approx_birth_year=2003; minor_id=mack--004jos; attempts=exact_full_name=2,mack--004jos,https://www.baseball-reference.com/register/player.fcgi?id=mack--004jos,2002.0,,,Joe Mack
Luis Campusano,resolved,chadwick_name_match_with_minor_id,matches=2; selected_birth_year=1998.0; approx_birth_year=1995; minor_id=campus002lui; attempts=exact_full_name=2,campus002lui,https://www.baseball-reference.com/register/player.fcgi?id=campus002lui,1998.0,,,Luis Campusano
Yordan Alvarez,resolved,chadwick_name_match_with_minor_id,matches=1; selected_birth_year=1997.0; approx_birth_year=1991; minor_id=alvare000yor; attempts=exact_full_name=1,alvare000yor,https://www.baseball-reference.com/register/player.fcgi?id=alvare000yor,1997.0,,,Yordan Álvarez
Bryson Stott,resolved,chadwick_name_match_with_minor_id,matches=1; selected_birth_year=1997.0; approx_birth_year=1994; minor_id=stott-000bry; attempts=exact_full_name=1,stott-000bry,https://www.baseball-reference.com/register/player.fcgi?id=stott-000bry,1997.0,,,Bryson Stott
Eduardo Tait,resolved,chadwick_name_match_with_minor_id,matches=1; selected_birth_year=2006.0; approx_birth_year=2007; minor_id=tait--000edu; attempts=exact_full_name=1,tait--000edu,https://www.baseball-reference.com/register/player.fcgi?id=tait--000edu,2006.0,,,Eduardo Tait
Jett Williams,resolved,chadwick_name_match_with_minor_id,matches=1; selected_birth_year=2003.0; approx_birth_year=2004; minor_id=willia000jet; attempts=exact_full_name=1,willia000jet,https://www.baseball-reference.com/register/player.fcgi?id=willia000jet,2003.0,,,Jett Williams
Vidal Bruján,resolved,chadwick_name_match_with_minor_id,matches=1; selected_birth_year=1998.0; approx_birth_year=1994; minor_id=brujan000vid; attempts=exact_full_name=1,brujan000vid,https://www.baseball-reference.com/register/player.fcgi?id=brujan000vid,1998.0,,,Vidal Bruján
Aaron Judge,resolved,chadwick_name_match_with_minor_id,matches=1; selected_birth_year=1992.0; approx_birth_year=1983; minor_id=judge-001aar; attempts=exact_full_name=1,judge-001aar,https://www.baseball-reference.com/register/player.fcgi?id=judge-001aar,1992.0,,,Aaron Judge
Bryce Rainer,resolved,chadwick_name_match_with_minor_id,matches=1; selected_birth_year=2005.0; approx_birth_year=2006; minor_id=rainer000bry; attempts=exact_full_name=1,rainer000bry,https://www.baseball-reference.com/register/player.fcgi?id=rainer000bry,2005.0,,,Bryce Rainer
Elijah Green,resolved,chadwick_name_match_with_minor_id,matches=2; selected_birth_year=2003.0; approx_birth_year=2001; minor_id=green-002eli; attempts=exact_full_name=2,green-002eli,https://www.baseball-reference.com/register/player.fcgi?id=green-002eli,2003.0,,,Elijah Green
Jordan Groshans,resolved,chadwick_name_match_with_minor_id,matches=1; selected_birth_year=1999.0; approx_birth_year=1996; minor_id=grosha000jor; attempts=exact_full_name=1,grosha000jor,https://www.baseball-reference.com/register/player.fcgi?id=grosha000jor,1999.0,,,Jordan Groshans
Tyler Black,resolved,chadwick_name_match_with_minor_id,matches=6; selected_birth_year=2000.0; approx_birth_year=1999; minor_id=black-001tyl; attempts=exact_full_name=6,black-001tyl,https://www.baseball-reference.com/register/player.fcgi?id=black-001tyl,2000.0,,,Tyler Black
Angel Genao,resolved,chadwick_name_match_with_minor_id,matches=2; selected_birth_year=2004.0; approx_birth_year=2005; minor_id=genao-001ang; attempts=exact_full_name=2,genao-001ang,https://www.baseball-reference.com/register/player.fcgi?id=genao-001ang,2004.0,,,Angel Genao
Anthony Alford,resolved,chadwick_name_match_with_minor_id,matches=1; selected_birth_year=1994.0; approx_birth_year=1987; minor_id=alford000ant; attempts=exact_full_name=1,alford000ant,https://www.baseball-reference.com/register/player.fcgi?id=alford000ant,1994.0,,,Anthony Alford
George Valera,resolved,chadwick_name_match_with_minor_id,matches=1; selected_birth_year=2000.0; approx_birth_year=1998; minor_id=valera000geo; attempts=exact_full_name=1,valera000geo,https://www.baseball-reference.com/register/player.fcgi?id=valera000geo,2000.0,,,George Valera
Jorge Mateo,resolved,chadwick_name_match_with_minor_id,matches=1; selected_birth_year=1995.0; approx_birth_year=1988; minor_id=mateo-000jor; attempts=exact_full_name=1,mateo-000jor,https://www.baseball-reference.com/register/player.fcgi?id=mateo-000jor,1995.0,,,Jorge Mateo
Owen Caissie,resolved,chadwick_name_match_with_minor_id,matches=1; selected_birth_year=2002.0; approx_birth_year=2002; minor_id=caissi000owe; attempts=exact_full_name=1,caissi000owe,https://www.baseball-reference.com/register/player.fcgi?id=caissi000owe,2002.0,,,Owen Caissie
Blake Mitchell,resolved,chadwick_name_match_with_minor_id,matches=6; selected_birth_year=2004.0; approx_birth_year=2005; minor_id=mitche003bla; attempts=exact_full_name=6,mitche003bla,https://www.baseball-reference.com/register/player.fcgi?id=mitche003bla,2004.0,,,Blake Mitchell
Brady House,resolved,chadwick_name_match_with_minor_id,matches=1; selected_birth_year=2003.0; approx_birth_year=2002; minor_id=house-000bra; attempts=exact_full_name=1,house-000bra,https://www.baseball-reference.com/register/player.fcgi?id=house-000bra,2003.0,,,Brady House
Michael Arroyo,resolved,chadwick_name_match_with_minor_id,matches=2; selected_birth_year=2004.0; approx_birth_year=2005; minor_id=arroyo001mic; attempts=exact_full_name=2,arroyo001mic,https://www.baseball-reference.com/register/player.fcgi?id=arroyo001mic,2004.0,,,Michael Arroyo
Josh Lowe,resolved,chadwick_name_match_with_minor_id,matches=1; selected_birth_year=1998.0; approx_birth_year=1994; minor_id=lowe--000jos; attempts=exact_full_name=1,lowe--000jos,https://www.baseball-reference.com/register/player.fcgi?id=lowe--000jos,1998.0,,,Josh Lowe
Nick Gordon,resolved,chadwick_name_match_with_minor_id,matches=2; selected_birth_year=1995.0; approx_birth_year=1988; minor_id=gordon000nic; attempts=exact_full_name=2,gordon000nic,https://www.baseball-reference.com/register/player.fcgi?id=gordon000nic,1995.0,,,Nick Gordon
MJ Melendez,resolved,chadwick_name_match_with_minor_id,matches=1; selected_birth_year=1998.0; approx_birth_year=1995; minor_id=melend000mj-; attempts=exact_full_name=1,melend000mj-,https://www.baseball-reference.com/register/player.fcgi?id=melend000mj-,1998.0,,,MJ Melendez
Michael Busch,resolved,chadwick_name_match_with_minor_id,matches=1; selected_birth_year=1997.0; approx_birth_year=1996; minor_id=busch-002mic; attempts=exact_full_name=1,busch-002mic,https://www.baseball-reference.com/register/player.fcgi?id=busch-002mic,1997.0,,,Michael Busch
Nico Hoerner,resolved,chadwick_name_match_with_minor_id,matches=1; selected_birth_year=1997.0; approx_birth_year=1991; minor_id=hoerne000nic; attempts=exact_full_name=1,hoerne000nic,https://www.baseball-reference.com/register/player.fcgi?id=hoerne000nic,1997.0,,,Nico Hoerner
Pete Alonso,resolved,chadwick_name_match_with_minor_id,matches=1; selected_birth_year=1994.0; approx_birth_year=1988; minor_id=alonso000pet; attempts=exact_full_name=1,alonso000pet,https://www.baseball-reference.com/register/player.fcgi?id=alonso000pet,1994.0,,,Pete Alonso
Xavier Isaac,resolved,chadwick_name_match_with_minor_id,matches=1; selected_birth_year=2003.0; approx_birth_year=2003; minor_id=isaac-000xav; attempts=exact_full_name=1,isaac-000xav,https://www.baseball-reference.com/register/player.fcgi?id=isaac-000xav,2003.0,,,Xavier Isaac
Brandon Marsh,resolved,chadwick_name_match_with_minor_id,matches=2; selected_birth_year=1997.0; approx_birth_year=1993; minor_id=marsh-000bra; attempts=exact_full_name=2,marsh-000bra,https://www.baseball-reference.com/register/player.fcgi?id=marsh-000bra,1997.0,,,Brandon Marsh
Franklin Barreto,resolved,chadwick_name_match_with_minor_id,matches=1; selected_birth_year=1996.0; approx_birth_year=1988; minor_id=barret004fra; attempts=exact_full_name=1,barret004fra,https://www.baseball-reference.com/register/player.fcgi?id=barret004fra,1996.0,,,Franklin Barreto
Oswald Peraza,resolved,chadwick_name_match_with_minor_id,matches=1; selected_birth_year=2000.0; approx_birth_year=1998; minor_id=peraza002osw; attempts=exact_full_name=1,peraza002osw,https://www.baseball-reference.com/register/player.fcgi?id=peraza002osw,2000.0,,,Oswald Peraza
Billy Carlson,resolved,chadwick_name_match_with_minor_id,matches=1; selected_birth_year=2006.0; approx_birth_year=2007; minor_id=carlso000bil; attempts=exact_full_name=1,carlso000bil,https://www.baseball-reference.com/register/player.fcgi?id=carlso000bil,2006.0,,,Billy Carlson
Drew Gilbert,resolved,chadwick_name_match_with_minor_id,matches=2; selected_birth_year=2000.0; approx_birth_year=1999; minor_id=gilber002and; attempts=exact_full_name=2,gilber002and,https://www.baseball-reference.com/register/player.fcgi?id=gilber002and,2000.0,,,Drew Gilbert
Jonathan India,resolved,chadwick_name_match_with_minor_id,matches=1; selected_birth_year=1996.0; approx_birth_year=1990; minor_id=india-000joh; attempts=exact_full_name=1,india-000joh,https://www.baseball-reference.com/register/player.fcgi?id=india-000joh,1996.0,,,Jonathan India
Logan O'Hoppe,resolved,chadwick_name_match_with_minor_id,matches=1; selected_birth_year=2000.0; approx_birth_year=1997; minor_id=ohoppe000log; attempts=exact_full_name=1,ohoppe000log,https://www.baseball-reference.com/register/player.fcgi?id=ohoppe000log,2000.0,,,Logan O'Hoppe
Willie Calhoun,resolved,chadwick_name_match_with_minor_id,matches=1; selected_birth_year=1994.0; approx_birth_year=1987; minor_id=calhou003wil; attempts=exact_full_name=1,calhou003wil,https://www.baseball-reference.com/register/player.fcgi?id=calhou003wil,1994.0,,,Willie Calhoun
Endy Rodríguez,resolved,chadwick_name_match_with_minor_id,matches=2; selected_birth_year=2000.0; approx_birth_year=1998; minor_id=rodrig001end; attempts=exact_full_name=2,rodrig001end,https://www.baseball-reference.com/register/player.fcgi?id=rodrig001end,2000.0,,,Endy Rodríguez
Nick Yorke,resolved,chadwick_name_match_with_minor_id,matches=1; selected_birth_year=2002.0; approx_birth_year=1998; minor_id=yorke-000nic; attempts=exact_full_name=1,yorke-000nic,https://www.baseball-reference.com/register/player.fcgi?id=yorke-000nic,2002.0,,,Nick Yorke
Arjun Nimmala,resolved,chadwick_name_match_with_minor_id,matches=1; selected_birth_year=2005.0; approx_birth_year=2006; minor_id=nimmal000arj; attempts=exact_full_name=1,nimmal000arj,https://www.baseball-reference.com/register/player.fcgi?id=nimmal000arj,2005.0,,,Arjun Nimmala
Evan White,resolved,chadwick_name_match_with_minor_id,matches=3; selected_birth_year=1996.0; approx_birth_year=1990; minor_id=white-002eva; attempts=exact_full_name=3,white-002eva,https://www.baseball-reference.com/register/player.fcgi?id=white-002eva,1996.0,,,Evan White
Cooper Pratt,resolved,chadwick_name_match_with_minor_id,matches=1; selected_birth_year=2004.0; approx_birth_year=2005; minor_id=pratt-000coo; attempts=exact_full_name=1,pratt-000coo,https://www.baseball-reference.com/register/player.fcgi?id=pratt-000coo,2004.0,,,Cooper Pratt
Emil Morales,resolved,chadwick_name_match_with_minor_id,matches=1; selected_birth_year=2006.0; approx_birth_year=2007; minor_id=morale003emi; attempts=exact_full_name=1,morale003emi,https://www.baseball-reference.com/register/player.fcgi?id=morale003emi,2006.0,,,Emil Morales
Andrés Giménez,resolved,chadwick_name_match_with_minor_id,matches=1; selected_birth_year=1998.0; approx_birth_year=1992; minor_id=gimene000and; attempts=exact_full_name=1,gimene000and,https://www.baseball-reference.com/register/player.fcgi?id=gimene000and,1998.0,,,Andrés Giménez
Luis Hernández,resolved,chadwick_name_match_with_minor_id,matches=35; selected_birth_year=2007.0; approx_birth_year=2009; minor_id=hernan036lui; attempts=exact_full_name=35,hernan036lui,https://www.baseball-reference.com/register/player.fcgi?id=hernan036lui,2007.0,,,Luis Hernandez
Cam Smith,resolved,chadwick_name_match_with_minor_id,matches=7; selected_birth_year=2003.0; approx_birth_year=2002; minor_id=smith-014cam; attempts=exact_full_name=7,smith-014cam,https://www.baseball-reference.com/register/player.fcgi?id=smith-014cam,2003.0,,,Cam Smith
Kevin Newman,resolved,chadwick_name_match_with_minor_id,matches=1; selected_birth_year=1993.0; approx_birth_year=1985; minor_id=newman000kev; attempts=exact_full_name=1,newman000kev,https://www.baseball-reference.com/register/player.fcgi?id=newman000kev,1993.0,,,Kevin Newman
Kyle Manzardo,resolved,chadwick_name_match_with_minor_id,matches=1; selected_birth_year=2000.0; approx_birth_year=1999; minor_id=manzar000kyl; attempts=exact_full_name=1,manzar000kyl,https://www.baseball-reference.com/register/player.fcgi?id=manzar000kyl,2000.0,,,Kyle Manzardo
Ralphy Velazquez,resolved,chadwick_name_match_with_minor_id,matches=1; selected_birth_year=2005.0; approx_birth_year=2006; minor_id=velazq000ral; attempts=exact_full_name=1,velazq000ral,https://www.baseball-reference.com/register/player.fcgi?id=velazq000ral,2005.0,,,Ralphy Velazquez
Shea Langeliers,resolved,chadwick_name_match_with_minor_id,matches=1; selected_birth_year=1997.0; approx_birth_year=1994; minor_id=langel000she; attempts=exact_full_name=1,langel000she,https://www.baseball-reference.com/register/player.fcgi?id=langel000she,1997.0,,,Shea Langeliers
Jace Jung,resolved,chadwick_name_match_with_minor_id,matches=1; selected_birth_year=2000.0; approx_birth_year=1999; minor_id=jung--002jac; attempts=exact_full_name=1,jung--002jac,https://www.baseball-reference.com/register/player.fcgi?id=jung--002jac,2000.0,,,Jace Jung
Jaison Chourio,resolved,chadwick_name_match_with_minor_id,matches=1; selected_birth_year=2005.0; approx_birth_year=2005; minor_id=chouri000jai; attempts=exact_full_name=1,chouri000jai,https://www.baseball-reference.com/register/player.fcgi?id=chouri000jai,2005.0,,,Jaison Chourio
Jazz Chisholm Jr.,resolved,chadwick_name_match_with_minor_id,matches=1; selected_birth_year=1998.0; approx_birth_year=1993; minor_id=chisho000jas; attempts=exact_full_name=1,chisho000jas,https://www.baseball-reference.com/register/player.fcgi?id=chisho000jas,1998.0,,,Jazz Chisholm
Jacob Berry,resolved,chadwick_name_match_with_minor_id,matches=2; selected_birth_year=2001.0; approx_birth_year=1998; minor_id=berry-003jac; attempts=exact_full_name=2,berry-003jac,https://www.baseball-reference.com/register/player.fcgi?id=berry-003jac,2001.0,,,Jacob Berry
Luke Keaschall,resolved,chadwick_name_match_with_minor_id,matches=1; selected_birth_year=2002.0; approx_birth_year=2002; minor_id=keasch000luk; attempts=exact_full_name=1,keasch000luk,https://www.baseball-reference.com/register/player.fcgi?id=keasch000luk,2002.0,,,Luke Keaschall
Gavin Cross,resolved,chadwick_name_match_with_minor_id,matches=1; selected_birth_year=2001.0; approx_birth_year=1998; minor_id=cross-000gav; attempts=exact_full_name=1,cross-000gav,https://www.baseball-reference.com/register/player.fcgi?id=cross-000gav,2001.0,,,Gavin Cross
Nick Pratto,resolved,chadwick_name_match_with_minor_id,matches=1; selected_birth_year=1998.0; approx_birth_year=1995; minor_id=pratto000nic; attempts=exact_full_name=1,pratto000nic,https://www.baseball-reference.com/register/player.fcgi?id=pratto000nic,1998.0,,,Nick Pratto
Ronny Mauricio,resolved,chadwick_name_match_with_minor_id,matches=1; selected_birth_year=2001.0; approx_birth_year=1997; minor_id=mauric000ron; attempts=exact_full_name=1,mauric000ron,https://www.baseball-reference.com/register/player.fcgi?id=mauric000ron,2001.0,,,Ronny Mauricio
Dominic Smith,resolved,chadwick_name_match_with_minor_id,matches=3; selected_birth_year=1995.0; approx_birth_year=1987; minor_id=smith-000dom; attempts=exact_full_name=3,smith-000dom,https://www.baseball-reference.com/register/player.fcgi?id=smith-000dom,1995.0,,,Dominic Smith
Drake Baldwin,resolved,chadwick_name_match_with_minor_id,matches=1; selected_birth_year=2001.0; approx_birth_year=2000; minor_id=baldwi000dra; attempts=exact_full_name=1,baldwi000dra,https://www.baseball-reference.com/register/player.fcgi?id=baldwi000dra,2001.0,,,Drake Baldwin
Heliot Ramos,resolved,chadwick_name_match_with_minor_id,matches=1; selected_birth_year=1999.0; approx_birth_year=1995; minor_id=ramos-000hel; attempts=exact_full_name=1,ramos-000hel,https://www.baseball-reference.com/register/player.fcgi?id=ramos-000hel,1999.0,,,Heliot Ramos
Joey Ortiz,resolved,chadwick_name_match_with_minor_id,matches=1; selected_birth_year=1998.0; approx_birth_year=1997; minor_id=ortiz-002joe; attempts=exact_full_name=1,ortiz-002joe,https://www.baseball-reference.com/register/player.fcgi?id=ortiz-002joe,1998.0,,,Joey Ortiz
Luis Matos,resolved,chadwick_name_match_with_minor_id,matches=8; selected_birth_year=1999.0; approx_birth_year=1998; minor_id=matos-005lui; attempts=exact_full_name=8,matos-005lui,https://www.baseball-reference.com/register/player.fcgi?id=matos-005lui,1999.0,,,Luis Matos
Bo Naylor,resolved,chadwick_name_match_with_minor_id,matches=1; selected_birth_year=2000.0; approx_birth_year=1997; minor_id=naylor000noa; attempts=exact_full_name=1,naylor000noa,https://www.baseball-reference.com/register/player.fcgi?id=naylor000noa,2000.0,,,Bo Naylor
Garrett Mitchell,resolved,chadwick_name_match_with_minor_id,matches=1; selected_birth_year=1998.0; approx_birth_year=1994; minor_id=mitche005gar; attempts=exact_full_name=1,mitche005gar,https://www.baseball-reference.com/register/player.fcgi?id=mitche005gar,1998.0,,,Garrett Mitchell
Jake Bauers,resolved,chadwick_name_match_with_minor_id,matches=1; selected_birth_year=1995.0; approx_birth_year=1988; minor_id=bauers000jak; attempts=exact_full_name=1,bauers000jak,https://www.baseball-reference.com/register/player.fcgi?id=bauers000jak,1995.0,,,Jake Bauers
Jhonny Level,resolved,chadwick_name_match_with_minor_id,matches=1; selected_birth_year=2007.0; approx_birth_year=2007; minor_id=level-000jho; attempts=exact_full_name=1,level-000jho,https://www.baseball-reference.com/register/player.fcgi?id=level-000jho,2007.0,,,Jhonny Level
Justin Crawford,resolved,chadwick_name_match_with_minor_id,matches=1; selected_birth_year=2004.0; approx_birth_year=2003; minor_id=crawfo000jus; attempts=exact_full_name=1,crawfo000jus,https://www.baseball-reference.com/register/player.fcgi?id=crawfo000jus,2004.0,,,Justin Crawford
Yusniel Díaz,resolved,chadwick_name_match_with_minor_id,matches=1; selected_birth_year=1996.0; approx_birth_year=1990; minor_id=efrain000yun; attempts=exact_full_name=1,efrain000yun,https://www.baseball-reference.com/register/player.fcgi?id=efrain000yun,1996.0,,,Yusniel Díaz
Danny Jansen,resolved,chadwick_name_match_with_minor_id,matches=1; selected_birth_year=1995.0; approx_birth_year=1988; minor_id=jansen000dan; attempts=exact_full_name=1,jansen000dan,https://www.baseball-reference.com/register/player.fcgi?id=jansen000dan,1995.0,,,Danny Jansen
Isan Díaz,resolved,chadwick_name_match_with_minor_id,matches=1; selected_birth_year=1996.0; approx_birth_year=1988; minor_id=diaz--000isa; attempts=exact_full_name=1,diaz--000isa,https://www.baseball-reference.com/register/player.fcgi?id=diaz--000isa,1996.0,,,Isan Díaz
Kevin Alcántara,resolved,chadwick_name_match_with_minor_id,matches=1; selected_birth_year=2002.0; approx_birth_year=2002; minor_id=alcant000kev; attempts=exact_full_name=1,alcant000kev,https://www.baseball-reference.com/register/player.fcgi?id=alcant000kev,2002.0,,,Kevin Alcántara
Michael Harris II,resolved,chadwick_name_match_with_minor_id,matches=3; selected_birth_year=2001.0; approx_birth_year=1997; minor_id=harris010mic; attempts=exact_full_name=3,harris010mic,https://www.baseball-reference.com/register/player.fcgi?id=harris010mic,2001.0,,,Michael Harris
Miguel Andujar,resolved,chadwick_name_match_with_minor_id,matches=2; selected_birth_year=1995.0; approx_birth_year=1987; minor_id=anduja000mig; attempts=exact_full_name=2,anduja000mig,https://www.baseball-reference.com/register/player.fcgi?id=anduja000mig,1995.0,,,Miguel Andújar
Steele Hall,resolved,chadwick_name_match_with_minor_id,matches=1; selected_birth_year=2007.0; approx_birth_year=2008; minor_id=hall--001ste; attempts=exact_full_name=1,hall--001ste,https://www.baseball-reference.com/register/player.fcgi?id=hall--001ste,2007.0,,,Steele Hall
Edgar Quero,resolved,chadwick_name_match_with_minor_id,matches=1; selected_birth_year=2003.0; approx_birth_year=2002; minor_id=quero-000edg; attempts=exact_full_name=1,quero-000edg,https://www.baseball-reference.com/register/player.fcgi?id=quero-000edg,2003.0,,,Edgar Quero
Luisangel Acuña,resolved,chadwick_name_match_with_minor_id,matches=1; selected_birth_year=2002.0; approx_birth_year=2000; minor_id=acuna-003jos; attempts=exact_full_name=1,acuna-003jos,https://www.baseball-reference.com/register/player.fcgi?id=acuna-003jos,2002.0,,,Luisangel Acuña
Brayden Taylor,resolved,chadwick_name_match_with_minor_id,matches=3; selected_birth_year=2002.0; approx_birth_year=2002; minor_id=taylor010bra; attempts=exact_full_name=3,taylor010bra,https://www.baseball-reference.com/register/player.fcgi?id=taylor010bra,2002.0,,,Brayden Taylor
Jesse Winker,resolved,chadwick_name_match_with_minor_id,matches=1; selected_birth_year=1993.0; approx_birth_year=1986; minor_id=winker001jes; attempts=exact_full_name=1,winker001jes,https://www.baseball-reference.com/register/player.fcgi?id=winker001jes,1993.0,,,Jesse Winker
Josue Briceño,resolved,chadwick_name_match_with_minor_id,matches=1; selected_birth_year=2004.0; approx_birth_year=2005; minor_id=bricen003jos; attempts=exact_full_name=1,bricen003jos,https://www.baseball-reference.com/register/player.fcgi?id=bricen003jos,2004.0,,,Josue Briceño
Andy Pages,resolved,chadwick_name_match_with_minor_id,matches=1; selected_birth_year=2000.0; approx_birth_year=1998; minor_id=pages-001and; attempts=exact_full_name=1,pages-001and,https://www.baseball-reference.com/register/player.fcgi?id=pages-001and,2000.0,,,Andy Pages
Christian Moore,resolved,chadwick_name_match_with_minor_id,matches=3; selected_birth_year=2002.0; approx_birth_year=2002; minor_id=moore-008chr; attempts=exact_full_name=3,moore-008chr,https://www.baseball-reference.com/register/player.fcgi?id=moore-008chr,2002.0,,,Christian Moore
Joshua Báez,resolved,chadwick_name_match_with_minor_id,matches=1; selected_birth_year=2003.0; approx_birth_year=2004; minor_id=baez--007jos; attempts=exact_full_name=1,baez--007jos,https://www.baseball-reference.com/register/player.fcgi?id=baez--007jos,2003.0,,,Joshua Báez
Cam Collier,resolved,chadwick_name_match_with_minor_id,matches=2; selected_birth_year=2004.0; approx_birth_year=2004; minor_id=collie001cam; attempts=exact_full_name=2,collie001cam,https://www.baseball-reference.com/register/player.fcgi?id=collie001cam,2004.0,,,Cam Collier
Moisés Ballesteros,resolved,chadwick_name_match_with_minor_id,matches=1; selected_birth_year=2003.0; approx_birth_year=2003; minor_id=balles000moi; attempts=exact_full_name=1,balles000moi,https://www.baseball-reference.com/register/player.fcgi?id=balles000moi,2003.0,,,Moisés Ballesteros
Nate George,resolved,chadwick_name_match_with_minor_id,matches=1; selected_birth_year=2006.0; approx_birth_year=2007; minor_id=george004nat; attempts=exact_full_name=1,george004nat,https://www.baseball-reference.com/register/player.fcgi?id=george004nat,2006.0,,,Nate George
Dax Kilby,resolved,chadwick_name_match_with_minor_id,matches=1; selected_birth_year=2006.0; approx_birth_year=2007; minor_id=kilby-000dax; attempts=exact_full_name=1,kilby-000dax,https://www.baseball-reference.com/register/player.fcgi?id=kilby-000dax,2006.0,,,Dax Kilby
Hunter Bishop,resolved,chadwick_name_match_with_minor_id,matches=1; selected_birth_year=1998.0; approx_birth_year=1994; minor_id=bishop000hun; attempts=exact_full_name=1,bishop000hun,https://www.baseball-reference.com/register/player.fcgi?id=bishop000hun,1998.0,,,Hunter Bishop
Monte Harrison,resolved,chadwick_name_match_with_minor_id,matches=1; selected_birth_year=1995.0; approx_birth_year=1988; minor_id=harris000mon; attempts=exact_full_name=1,harris000mon,https://www.baseball-reference.com/register/player.fcgi?id=harris000mon,1995.0,,,Monte Harrison
Ryan Mountcastle,resolved,chadwick_name_match_with_minor_id,matches=1; selected_birth_year=1997.0; approx_birth_year=1992; minor_id=mountc000rya; attempts=exact_full_name=1,mountc000rya,https://www.baseball-reference.com/register/player.fcgi?id=mountc000rya,1997.0,,,Ryan Mountcastle
Alex Freeland,resolved,chadwick_name_match_with_minor_id,matches=1; selected_birth_year=2001.0; approx_birth_year=2001; minor_id=freela000ale; attempts=exact_full_name=1,freela000ale,https://www.baseball-reference.com/register/player.fcgi?id=freela000ale,2001.0,,,Alex Freeland
Jorge Alfaro,resolved,chadwick_name_match_with_minor_id,matches=1; selected_birth_year=1993.0; approx_birth_year=1985; minor_id=alfaro001jor; attempts=exact_full_name=1,alfaro001jor,https://www.baseball-reference.com/register/player.fcgi?id=alfaro001jor,1993.0,,,Jorge Alfaro
Xavier Edwards,resolved,chadwick_name_match_with_minor_id,matches=1; selected_birth_year=1999.0; approx_birth_year=1995; minor_id=edward000xav; attempts=exact_full_name=1,edward000xav,https://www.baseball-reference.com/register/player.fcgi?id=edward000xav,1999.0,,,Xavier Edwards
Yanquiel Fernández,resolved,chadwick_name_match_with_minor_id,matches=1; selected_birth_year=2003.0; approx_birth_year=2001; minor_id=fernan001yan; attempts=exact_full_name=1,fernan001yan,https://www.baseball-reference.com/register/player.fcgi?id=fernan001yan,2003.0,,,Yanquiel Fernández
Cooper Ingle,resolved,chadwick_name_match_with_minor_id,matches=1; selected_birth_year=2002.0; approx_birth_year=2002; minor_id=ingle-000coo; attempts=exact_full_name=1,ingle-000coo,https://www.baseball-reference.com/register/player.fcgi?id=ingle-000coo,2002.0,,,Cooper Ingle
Gabriel Arias,resolved,chadwick_name_match_with_minor_id,matches=4; selected_birth_year=2000.0; approx_birth_year=1996; minor_id=arias-002gab; attempts=exact_full_name=4,arias-002gab,https://www.baseball-reference.com/register/player.fcgi?id=arias-002gab,2000.0,,,Gabriel Arias
James Triantos,resolved,chadwick_name_match_with_minor_id,matches=1; selected_birth_year=2003.0; approx_birth_year=2002; minor_id=triant000jam; attempts=exact_full_name=1,triant000jam,https://www.baseball-reference.com/register/player.fcgi?id=triant000jam,2003.0,,,James Triantos
Felnin Celesten,resolved,chadwick_name_match_with_minor_id,matches=1; selected_birth_year=2005.0; approx_birth_year=2005; minor_id=celest000fel; attempts=exact_full_name=1,celest000fel,https://www.baseball-reference.com/register/player.fcgi?id=celest000fel,2005.0,,,Felnin Celesten
Jonny Farmelo,resolved,chadwick_name_match_with_minor_id,matches=1; selected_birth_year=2004.0; approx_birth_year=2005; minor_id=farmel000jon; attempts=exact_full_name=1,farmel000jon,https://www.baseball-reference.com/register/player.fcgi?id=farmel000jon,2004.0,,,Jonny Farmelo
Jordan Westburg,resolved,chadwick_name_match_with_minor_id,matches=1; selected_birth_year=1999.0; approx_birth_year=1996; minor_id=westbu000jor; attempts=exact_full_name=1,westbu000jor,https://www.baseball-reference.com/register/player.fcgi?id=westbu000jor,1999.0,,,Jordan Westburg
Sam Huff,resolved,chadwick_name_match_with_minor_id,matches=3; selected_birth_year=1998.0; approx_birth_year=1993; minor_id=huff--000sam; attempts=exact_full_name=3,huff--000sam,https://www.baseball-reference.com/register/player.fcgi?id=huff--000sam,1998.0,,,Sam Huff
Tommy Troy,resolved,chadwick_name_match_with_minor_id,matches=1; selected_birth_year=2002.0; approx_birth_year=2000; minor_id=troy--000tom; attempts=exact_full_name=1,troy--000tom,https://www.baseball-reference.com/register/player.fcgi?id=troy--000tom,2002.0,,,Tommy Troy
Brayan Rocchio,resolved,chadwick_name_match_with_minor_id,matches=1; selected_birth_year=2001.0; approx_birth_year=1999; minor_id=rocchi000bra; attempts=exact_full_name=1,rocchi000bra,https://www.baseball-reference.com/register/player.fcgi?id=rocchi000bra,2001.0,,,Brayan Rocchio
Luis García Jr.,resolved,chadwick_name_match_with_minor_id,matches=33; selected_birth_year=1995.0; approx_birth_year=1995; minor_id=garcia012lui; attempts=exact_full_name=33,garcia012lui,https://www.baseball-reference.com/register/player.fcgi?id=garcia012lui,1995.0,,,Luis Garcia
Albert Almora Jr.,resolved,chadwick_name_match_with_minor_id,matches=1; selected_birth_year=1994.0; approx_birth_year=1985; minor_id=almora001alb; attempts=exact_full_name=1,almora001alb,https://www.baseball-reference.com/register/player.fcgi?id=almora001alb,1994.0,,,Albert Almora
Ceddanne Rafaela,resolved,chadwick_name_match_with_minor_id,matches=1; selected_birth_year=2000.0; approx_birth_year=1999; minor_id=rafael001ced; attempts=exact_full_name=1,rafael001ced,https://www.baseball-reference.com/register/player.fcgi?id=rafael001ced,2000.0,,,Ceddanne Rafaela
Daulton Varsho,resolved,chadwick_name_match_with_minor_id,matches=1; selected_birth_year=1996.0; approx_birth_year=1991; minor_id=varsho000dau; attempts=exact_full_name=1,varsho000dau,https://www.baseball-reference.com/register/player.fcgi?id=varsho000dau,1996.0,,,Daulton Varsho
Geraldo Perdomo,resolved,chadwick_name_match_with_minor_id,matches=1; selected_birth_year=1999.0; approx_birth_year=1995; minor_id=perdom000ger; attempts=exact_full_name=1,perdom000ger,https://www.baseball-reference.com/register/player.fcgi?id=perdom000ger,1999.0,,,Geraldo Perdomo
Gabriel Gonzalez,resolved,chadwick_name_match_with_minor_id,matches=2; selected_birth_year=2004.0; approx_birth_year=2002; minor_id=gonzal009gab; attempts=exact_full_name=2,gonzal009gab,https://www.baseball-reference.com/register/player.fcgi?id=gonzal009gab,2004.0,,,Gabriel Gonzalez
Liover Peguero,resolved,chadwick_name_match_with_minor_id,matches=1; selected_birth_year=2000.0; approx_birth_year=1997; minor_id=peguer001lio; attempts=exact_full_name=1,peguer001lio,https://www.baseball-reference.com/register/player.fcgi?id=peguer001lio,2000.0,,,Liover Peguero
Michael Chavis,resolved,chadwick_name_match_with_minor_id,matches=1; selected_birth_year=1995.0; approx_birth_year=1989; minor_id=chavis000mic; attempts=exact_full_name=1,chavis000mic,https://www.baseball-reference.com/register/player.fcgi?id=chavis000mic,1995.0,,,Michael Chavis
Trevor Larnach,resolved,chadwick_name_match_with_minor_id,matches=1; selected_birth_year=1997.0; approx_birth_year=1992; minor_id=larnac000tre; attempts=exact_full_name=1,larnac000tre,https://www.baseball-reference.com/register/player.fcgi?id=larnac000tre,1997.0,,,Trevor Larnach
Kevin Alvarez,resolved,chadwick_name_match_with_minor_id,matches=3; selected_birth_year=2008.0; approx_birth_year=2008; minor_id=alvare002kev; attempts=exact_full_name=3,alvare002kev,https://www.baseball-reference.com/register/player.fcgi?id=alvare002kev,2008.0,,,Kevin Alvarez
Christian Arroyo,resolved,chadwick_name_match_with_minor_id,matches=1; selected_birth_year=1995.0; approx_birth_year=1988; minor_id=arroyo000chr; attempts=exact_full_name=1,arroyo000chr,https://www.baseball-reference.com/register/player.fcgi?id=arroyo000chr,1995.0,,,Christian Arroyo
Jordan Beck,resolved,chadwick_name_match_with_minor_id,matches=2; selected_birth_year=2001.0; approx_birth_year=1999; minor_id=beck--001jor; attempts=exact_full_name=2,beck--001jor,https://www.baseball-reference.com/register/player.fcgi?id=beck--001jor,2001.0,,,Jordan Beck
Starlyn Caba,resolved,chadwick_name_match_with_minor_id,matches=1; selected_birth_year=2005.0; approx_birth_year=2005; minor_id=caba--000jes; attempts=exact_full_name=1,caba--000jes,https://www.baseball-reference.com/register/player.fcgi?id=caba--000jes,2005.0,,,Starlyn Caba
Zack Collins,resolved,chadwick_name_match_with_minor_id,matches=1; selected_birth_year=1995.0; approx_birth_year=1986; minor_id=collin002zac; attempts=exact_full_name=1,collin002zac,https://www.baseball-reference.com/register/player.fcgi?id=collin002zac,1995.0,,,Zack Collins
Roldy Brito,resolved,chadwick_name_match_with_minor_id,matches=1; selected_birth_year=2007.0; approx_birth_year=2007; minor_id=brito-000rol; attempts=exact_full_name=1,brito-000rol,https://www.baseball-reference.com/register/player.fcgi?id=brito-000rol,2007.0,,,Roldy Brito
Thayron Liranzo,resolved,chadwick_name_match_with_minor_id,matches=1; selected_birth_year=2003.0; approx_birth_year=2003; minor_id=liranz000tha; attempts=exact_full_name=1,liranz000tha,https://www.baseball-reference.com/register/player.fcgi?id=liranz000tha,2003.0,,,Thayron Liranzo
Derek Fisher,resolved,chadwick_name_match_with_minor_id,matches=2; selected_birth_year=1993.0; approx_birth_year=1985; minor_id=fisher001der; attempts=exact_full_name=2,fisher001der,https://www.baseball-reference.com/register/player.fcgi?id=fisher001der,1993.0,,,Derek Fisher
Ezequiel Duran,resolved,chadwick_name_match_with_minor_id,matches=1; selected_birth_year=1999.0; approx_birth_year=1996; minor_id=duran-000eze; attempts=exact_full_name=1,duran-000eze,https://www.baseball-reference.com/register/player.fcgi?id=duran-000eze,1999.0,,,Ezequiel Duran
Kayson Cunningham,resolved,chadwick_name_match_with_minor_id,matches=1; selected_birth_year=2006.0; approx_birth_year=2007; minor_id=cunnin000kay; attempts=exact_full_name=1,cunnin000kay,https://www.baseball-reference.com/register/player.fcgi?id=cunnin000kay,2006.0,,,Kayson Cunningham
Drew Romo,resolved,chadwick_name_match_with_minor_id,matches=1; selected_birth_year=2001.0; approx_birth_year=1999; minor_id=romo--000dre; attempts=exact_full_name=1,romo--000dre,https://www.baseball-reference.com/register/player.fcgi?id=romo--000dre,2001.0,,,Drew Romo
Jefferson Rojas,resolved,chadwick_name_match_with_minor_id,matches=1; selected_birth_year=2005.0; approx_birth_year=2005; minor_id=rojas-003jef; attempts=exact_full_name=1,rojas-003jef,https://www.baseball-reference.com/register/player.fcgi?id=rojas-003jef,2005.0,,,Jefferson Rojas
Ronaldo Hernández,resolved,chadwick_name_match_with_minor_id,matches=1; selected_birth_year=1997.0; approx_birth_year=1991; minor_id=hernan000ron; attempts=exact_full_name=1,hernan000ron,https://www.baseball-reference.com/register/player.fcgi?id=hernan000ron,1997.0,,,Ronaldo Hernández
Sal Stewart,resolved,chadwick_name_match_with_minor_id,matches=1; selected_birth_year=2003.0; approx_birth_year=2003; minor_id=stewar000sal; attempts=exact_full_name=1,stewar000sal,https://www.baseball-reference.com/register/player.fcgi?id=stewar000sal,2003.0,,,Sal Stewart
Spencer Jones,resolved,chadwick_name_match_with_minor_id,matches=4; selected_birth_year=1999.0; approx_birth_year=1999; minor_id=jones-003spe; attempts=exact_full_name=4,jones-003spe,https://www.baseball-reference.com/register/player.fcgi?id=jones-003spe,1999.0,,,Spencer Jones
Austin Hendrick,resolved,chadwick_name_match_with_minor_id,matches=1; selected_birth_year=2001.0; approx_birth_year=1997; minor_id=hendri001aus; attempts=exact_full_name=1,hendri001aus,https://www.baseball-reference.com/register/player.fcgi?id=hendri001aus,2001.0,,,Austin Hendrick
Jarren Duran,resolved,chadwick_name_match_with_minor_id,matches=1; selected_birth_year=1996.0; approx_birth_year=1993; minor_id=duran-000jar; attempts=exact_full_name=1,duran-000jar,https://www.baseball-reference.com/register/player.fcgi?id=duran-000jar,1996.0,,,Jarren Duran
Oscar Colás,resolved,chadwick_name_match_with_minor_id,matches=1; selected_birth_year=1998.0; approx_birth_year=1996; minor_id=colas-000osc; attempts=exact_full_name=1,colas-000osc,https://www.baseball-reference.com/register/player.fcgi?id=colas-000osc,1998.0,,,Oscar Colás
Carter Jensen,resolved,chadwick_name_match_with_minor_id,matches=1; selected_birth_year=2003.0; approx_birth_year=2003; minor_id=jensen000car; attempts=exact_full_name=1,jensen000car,https://www.baseball-reference.com/register/player.fcgi?id=jensen000car,2003.0,,,Carter Jensen
Pedro Ramírez,resolved,chadwick_name_match_with_minor_id,matches=6; selected_birth_year=2004.0; approx_birth_year=2004; minor_id=ramire004ped; attempts=exact_full_name=6,ramire004ped,https://www.baseball-reference.com/register/player.fcgi?id=ramire004ped,2004.0,,,Pedro Ramírez
Roderick Arias,resolved,chadwick_name_match_with_minor_id,matches=1; selected_birth_year=2004.0; approx_birth_year=2003; minor_id=arias-003rod; attempts=exact_full_name=1,arias-003rod,https://www.baseball-reference.com/register/player.fcgi?id=arias-003rod,2004.0,,,Roderick Arias
Matt McLain,resolved,chadwick_name_match_with_minor_id,matches=1; selected_birth_year=1999.0; approx_birth_year=1996; minor_id=mclain000mat; attempts=exact_full_name=1,mclain000mat,https://www.baseball-reference.com/register/player.fcgi?id=mclain000mat,1999.0,,,Matt McLain
Travis Swaggerty,resolved,chadwick_name_match_with_minor_id,matches=1; selected_birth_year=1997.0; approx_birth_year=1991; minor_id=swagge000tra; attempts=exact_full_name=1,swagge000tra,https://www.baseball-reference.com/register/player.fcgi?id=swagge000tra,1997.0,,,Travis Swaggerty
J.P. Martínez,resolved,chadwick_name_match_with_minor_id,matches=2; selected_birth_year=1996.0; approx_birth_year=1989; minor_id=martin013jul; attempts=exact_full_name=2,martin013jul,https://www.baseball-reference.com/register/player.fcgi?id=martin013jul,1996.0,,,J. P. Martínez
Miguel Amaya,resolved,chadwick_name_match_with_minor_id,matches=1; selected_birth_year=1999.0; approx_birth_year=1994; minor_id=amaya-000mig; attempts=exact_full_name=1,amaya-000mig,https://www.baseball-reference.com/register/player.fcgi?id=amaya-000mig,1999.0,,,Miguel Amaya
Tyler Freeman,resolved,chadwick_name_match_with_minor_id,matches=4; selected_birth_year=1999.0; approx_birth_year=1996; minor_id=freema000tyl; attempts=exact_full_name=4,freema000tyl,https://www.baseball-reference.com/register/player.fcgi?id=freema000tyl,1999.0,,,Tyler Freeman
Justin Foscue,resolved,chadwick_name_match_with_minor_id,matches=1; selected_birth_year=1999.0; approx_birth_year=1995; minor_id=foscue000jus; attempts=exact_full_name=1,foscue000jus,https://www.baseball-reference.com/register/player.fcgi?id=foscue000jus,1999.0,,,Justin Foscue
Zach Neto,resolved,chadwick_name_match_with_minor_id,matches=1; selected_birth_year=2001.0; approx_birth_year=1998; minor_id=neto--000zac; attempts=exact_full_name=1,neto--000zac,https://www.baseball-reference.com/register/player.fcgi?id=neto--000zac,2001.0,,,Zach Neto
Joey Wiemer,resolved,chadwick_name_match_with_minor_id,matches=1; selected_birth_year=1999.0; approx_birth_year=1996; minor_id=wiemer000joe; attempts=exact_full_name=1,wiemer000joe,https://www.baseball-reference.com/register/player.fcgi?id=wiemer000joe,1999.0,,,Joey Wiemer
Nathan Flewelling,resolved,chadwick_name_match_with_minor_id,matches=1; selected_birth_year=2006.0; approx_birth_year=2007; minor_id=flewel000nat; attempts=exact_full_name=1,flewel000nat,https://www.baseball-reference.com/register/player.fcgi?id=flewel000nat,2006.0,,,Nathan Flewelling
Raimel Tapia,resolved,chadwick_name_match_with_minor_id,matches=1; selected_birth_year=1994.0; approx_birth_year=1985; minor_id=tapia-000rai; attempts=exact_full_name=1,tapia-000rai,https://www.baseball-reference.com/register/player.fcgi?id=tapia-000rai,1994.0,,,Raimel Tapia
Alec Burleson,resolved,chadwick_name_match_with_minor_id,matches=1; selected_birth_year=1998.0; approx_birth_year=1996; minor_id=burles000ale; attempts=exact_full_name=1,burles000ale,https://www.baseball-reference.com/register/player.fcgi?id=burles000ale,1998.0,,,Alec Burleson
Delvin Pérez,resolved,chadwick_name_match_with_minor_id,matches=2; selected_birth_year=1991.0; approx_birth_year=1990; minor_id=perez-002del; attempts=exact_full_name=2,perez-002del,https://www.baseball-reference.com/register/player.fcgi?id=perez-002del,1991.0,,,Delvin Perez
Greg Jones,resolved,chadwick_name_match_with_minor_id,matches=3; selected_birth_year=1994.0; approx_birth_year=1994; minor_id=jones-003gre; attempts=exact_full_name=3,jones-003gre,https://www.baseball-reference.com/register/player.fcgi?id=jones-003gre,1994.0,,,Greg Jones
Pavin Smith,resolved,chadwick_name_match_with_minor_id,matches=1; selected_birth_year=1996.0; approx_birth_year=1988; minor_id=smith-000pav; attempts=exact_full_name=1,smith-000pav,https://www.baseball-reference.com/register/player.fcgi?id=smith-000pav,1996.0,,,Pavin Smith
Ronny Cruz,resolved,chadwick_name_match_with_minor_id,matches=1; selected_birth_year=2006.0; approx_birth_year=2007; minor_id=cruz--001ron; attempts=exact_full_name=1,cruz--001ron,https://www.baseball-reference.com/register/player.fcgi?id=cruz--001ron,2006.0,,,Ronny Cruz
Bobby Dalbec,resolved,chadwick_name_match_with_minor_id,matches=1; selected_birth_year=1995.0; approx_birth_year=1991; minor_id=dalbec000bob; attempts=exact_full_name=1,dalbec000bob,https://www.baseball-reference.com/register/player.fcgi?id=dalbec000bob,1995.0,,,Bobby Dalbec
Cristian Hernández,resolved,chadwick_name_match_with_minor_id,matches=5; selected_birth_year=2000.0; approx_birth_year=2000; minor_id=hernan002cri; attempts=exact_full_name=5,hernan002cri,https://www.baseball-reference.com/register/player.fcgi?id=hernan002cri,2000.0,,,Cristian Hernandez
Ike Irish,resolved,chadwick_name_match_with_minor_id,matches=1; selected_birth_year=2003.0; approx_birth_year=2004; minor_id=irish-000ike; attempts=exact_full_name=1,irish-000ike,https://www.baseball-reference.com/register/player.fcgi?id=irish-000ike,2003.0,,,Ike Irish
Jahmai Jones,resolved,chadwick_name_match_with_minor_id,matches=1; selected_birth_year=1997.0; approx_birth_year=1990; minor_id=jones-000jah; attempts=exact_full_name=1,jones-000jah,https://www.baseball-reference.com/register/player.fcgi?id=jones-000jah,1997.0,,,Jahmai Jones
Miguel Bleis,resolved,chadwick_name_match_with_minor_id,matches=1; selected_birth_year=2004.0; approx_birth_year=2001; minor_id=bleis-000mig; attempts=exact_full_name=1,bleis-000mig,https://www.baseball-reference.com/register/player.fcgi?id=bleis-000mig,2004.0,,,Miguel Bleis
Richard Urena,resolved,chadwick_name_match_with_minor_id,matches=1; selected_birth_year=1996.0; approx_birth_year=1987; minor_id=urena-000ric; attempts=exact_full_name=1,urena-000ric,https://www.baseball-reference.com/register/player.fcgi?id=urena-000ric,1996.0,,,Richard Ureña
Tre' Morgan,resolved,chadwick_name_match_with_minor_id,matches=1; selected_birth_year=2002.0; approx_birth_year=2002; minor_id=morgan002tre; attempts=exact_full_name=1,morgan002tre,https://www.baseball-reference.com/register/player.fcgi?id=morgan002tre,2002.0,,,Tre' Morgan
Tyler Stephenson,resolved,chadwick_name_match_with_minor_id,matches=4; selected_birth_year=1994.0; approx_birth_year=1992; minor_id=stephe001tyl; attempts=exact_full_name=4,stephe001tyl,https://www.baseball-reference.com/register/player.fcgi?id=stephe001tyl,1994.0,,,Tyler Stephenson
Adam Haseley,resolved,chadwick_name_match_with_minor_id,matches=1; selected_birth_year=1996.0; approx_birth_year=1988; minor_id=hasele000ada; attempts=exact_full_name=1,hasele000ada,https://www.baseball-reference.com/register/player.fcgi?id=hasele000ada,1996.0,,,Adam Haseley
Brice Turang,resolved,chadwick_name_match_with_minor_id,matches=1; selected_birth_year=1999.0; approx_birth_year=1995; minor_id=turang002bri; attempts=exact_full_name=1,turang002bri,https://www.baseball-reference.com/register/player.fcgi?id=turang002bri,1999.0,,,Brice Turang
Colton Welker,resolved,chadwick_name_match_with_minor_id,matches=1; selected_birth_year=1997.0; approx_birth_year=1991; minor_id=welker000col; attempts=exact_full_name=1,welker000col,https://www.baseball-reference.com/register/player.fcgi?id=welker000col,1997.0,,,Colton Welker
Jeimer Candelario,resolved,chadwick_name_match_with_minor_id,matches=1; selected_birth_year=1993.0; approx_birth_year=1985; minor_id=candel000jei; attempts=exact_full_name=1,candel000jei,https://www.baseball-reference.com/register/player.fcgi?id=candel000jei,1993.0,,,Jeimer Candelario
Jose Miranda,resolved,chadwick_name_match_with_minor_id,matches=4; selected_birth_year=1998.0; approx_birth_year=1995; minor_id=mirand004jos; attempts=exact_full_name=4,mirand004jos,https://www.baseball-reference.com/register/player.fcgi?id=mirand004jos,1998.0,,,José Miranda
Luis Lara,resolved,chadwick_name_match_with_minor_id,matches=5; selected_birth_year=2004.0; approx_birth_year=2005; minor_id=lara--005lui; attempts=exact_full_name=5,lara--005lui,https://www.baseball-reference.com/register/player.fcgi?id=lara--005lui,2004.0,,,Luis Lara
Nolan Schanuel,resolved,chadwick_name_match_with_minor_id,matches=1; selected_birth_year=2002.0; approx_birth_year=2000; minor_id=schanu000nol; attempts=exact_full_name=1,schanu000nol,https://www.baseball-reference.com/register/player.fcgi?id=schanu000nol,2002.0,,,Nolan Schanuel
Alex Ramírez,resolved,chadwick_name_match_with_minor_id,matches=6; selected_birth_year=2000.0; approx_birth_year=2000; minor_id=ramire012ale; attempts=exact_full_name=6,ramire012ale,https://www.baseball-reference.com/register/player.fcgi?id=ramire012ale,2000.0,,,Alex Ramirez
Austin Wells,resolved,chadwick_name_match_with_minor_id,matches=4; selected_birth_year=1999.0; approx_birth_year=1996; minor_id=wells-001aus; attempts=exact_full_name=4,wells-001aus,https://www.baseball-reference.com/register/player.fcgi?id=wells-001aus,1999.0,,,Austin Wells
Bobby Bradley,resolved,chadwick_name_match_with_minor_id,matches=2; selected_birth_year=1996.0; approx_birth_year=1988; minor_id=bradle000bob; attempts=exact_full_name=2,bradle000bob,https://www.baseball-reference.com/register/player.fcgi?id=bradle000bob,1996.0,,,Bobby Bradley
Josh Hammond,resolved,chadwick_name_match_with_minor_id,matches=1; selected_birth_year=2006.0; approx_birth_year=2007; minor_id=hammon002jos; attempts=exact_full_name=1,hammon002jos,https://www.baseball-reference.com/register/player.fcgi?id=hammon002jos,2006.0,,,Josh Hammond
Justin Gonzales,resolved,chadwick_name_match_with_minor_id,matches=1; selected_birth_year=2006.0; approx_birth_year=2007; minor_id=gonzal003jus; attempts=exact_full_name=1,gonzal003jus,https://www.baseball-reference.com/register/player.fcgi?id=gonzal003jus,2006.0,,,Justin Gonzales
Ryan Clifford,resolved,chadwick_name_match_with_minor_id,matches=1; selected_birth_year=2003.0; approx_birth_year=2002; minor_id=cliffo000rya; attempts=exact_full_name=1,cliffo000rya,https://www.baseball-reference.com/register/player.fcgi?id=cliffo000rya,2003.0,,,Ryan Clifford
Charles Davalan,resolved,chadwick_name_match_with_minor_id,matches=1; selected_birth_year=2003.0; approx_birth_year=2004; minor_id=davala000cha; attempts=exact_full_name=1,davala000cha,https://www.baseball-reference.com/register/player.fcgi?id=davala000cha,2003.0,,,Charles Davalan
Chance Sisco,resolved,chadwick_name_match_with_minor_id,matches=1; selected_birth_year=1995.0; approx_birth_year=1986; minor_id=sisco-000cha; attempts=exact_full_name=1,sisco-000cha,https://www.baseball-reference.com/register/player.fcgi?id=sisco-000cha,1995.0,,,Chance Sisco
Victor Mesa,resolved,chadwick_name_match_with_minor_id,matches=5; selected_birth_year=1993.0; approx_birth_year=1990; minor_id=mesa--002vic; attempts=exact_full_name=5,mesa--002vic,https://www.baseball-reference.com/register/player.fcgi?id=mesa--002vic,1993.0,,,Victor Mesa
Xavier Neyens,resolved,chadwick_name_match_with_minor_id,matches=1; selected_birth_year=2006.0; approx_birth_year=2007; minor_id=neyens000xav; attempts=exact_full_name=1,neyens000xav,https://www.baseball-reference.com/register/player.fcgi?id=neyens000xav,2006.0,,,Xavier Neyens
Matt Chapman,resolved,chadwick_name_match_with_minor_id,matches=4; selected_birth_year=1993.0; approx_birth_year=1984; minor_id=chapma000mat; attempts=exact_full_name=4,chapma000mat,https://www.baseball-reference.com/register/player.fcgi?id=chapma000mat,1993.0,,,Matt Chapman
